,Date,Compulsory_Mask,Eat_In_Ban,Entry_Recording,Lockdown,Sch_Closure,Gathering_Max,Mall_Distancing,Recreation,Workplace_Closure,Worship
0,2020-01-23,0,0,0,0,0,-1.0,0.0,-1.0,-1.0,-1.0
1,2020-01-24,0,0,0,0,0,-1.0,0.0,-1.0,-1.0,-1.0
2,2020-01-25,0,0,0,0,0,-1.0,0.0,-1.0,-1.0,-1.0
3,2020-01-26,0,0,0,0,0,-1.0,0.0,-1.0,-1.0,-1.0
4,2020-01-27,0,0,0,0,0,-1.0,0.0,-1.0,-1.0,-1.0
5,2020-01-28,0,0,0,0,0,-1.0,0.0,-1.0,-1.0,-1.0
6,2020-01-29,0,0,0,0,0,-1.0,0.0,-1.0,-1.0,-1.0
7,2020-01-30,0,0,0,0,0,-1.0,0.0,-1.0,-1.0,-1.0
8,2020-01-31,0,0,0,0,0,-1.0,0.0,-1.0,-1.0,-1.0
9,2020-02-01,0,0,0,0,0,-1.0,0.0,-1.0,-1.0,-1.0
10,2020-02-02,0,0,0,0,0,-1.0,0.0,-1.0,-1.0,-1.0
11,2020-02-03,0,0,0,0,0,-1.0,0.0,-1.0,-1.0,-1.0
12,2020-02-04,0,0,0,0,0,-1.0,0.0,-1.0,-1.0,-1.0
13,2020-02-05,0,0,0,0,0,-1.0,0.0,-1.0,-1.0,-1.0
14,2020-02-06,0,0,0,0,0,-1.0,0.0,-1.0,-1.0,-1.0
15,2020-02-07,0,0,0,0,0,-1.0,0.0,-1.0,-1.0,-1.0
16,2020-02-08,0,0,0,0,0,-1.0,0.0,-1.0,-1.0,-1.0
17,2020-02-09,0,0,0,0,0,-1.0,0.0,-1.0,-1.0,-1.0
18,2020-02-10,0,0,0,0,0,-1.0,0.0,-1.0,-1.0,-1.0
19,2020-02-11,0,0,0,0,0,-1.0,0.0,-1.0,-1.0,-1.0
20,2020-02-12,0,0,0,0,0,-1.0,0.0,-1.0,-1.0,-1.0
21,2020-02-13,0,0,0,0,0,-1.0,0.0,-1.0,-1.0,-1.0
22,2020-02-14,0,0,0,0,0,-1.0,0.0,-1.0,-1.0,-1.0
23,2020-02-15,0,0,0,0,0,-1.0,0.0,-1.0,-1.0,-1.0
24,2020-02-16,0,0,0,0,0,-1.0,0.0,-1.0,-1.0,-1.0
25,2020-02-17,0,0,0,0,0,-1.0,0.0,-1.0,-1.0,-1.0
26,2020-02-18,0,0,0,0,0,-1.0,0.0,-1.0,-1.0,-1.0
27,2020-02-19,0,0,0,0,0,-1.0,0.0,-1.0,-1.0,-1.0
28,2020-02-20,0,0,0,0,0,-1.0,0.0,-1.0,-1.0,-1.0
29,2020-02-21,0,0,0,0,0,-1.0,0.0,-1.0,-1.0,-1.0
30,2020-02-22,0,0,0,0,0,-1.0,0.0,-1.0,-1.0,-1.0
31,2020-02-23,0,0,0,0,0,-1.0,0.0,-1.0,-1.0,-1.0
32,2020-02-24,0,0,0,0,0,-1.0,0.0,-1.0,-1.0,-1.0
33,2020-02-25,0,0,0,0,0,-1.0,0.0,-1.0,-1.0,-1.0
34,2020-02-26,0,0,0,0,0,-1.0,0.0,-1.0,-1.0,-1.0
35,2020-02-27,0,0,0,0,0,-1.0,0.0,-1.0,-1.0,-1.0
36,2020-02-28,0,0,0,0,0,-1.0,0.0,-1.0,-1.0,-1.0
37,2020-02-29,0,0,0,0,0,-1.0,0.0,-1.0,-1.0,-1.0
38,2020-03-01,0,0,0,0,0,-1.0,0.0,-1.0,-1.0,-1.0
39,2020-03-02,0,0,0,0,0,-1.0,0.0,-1.0,-1.0,-1.0
40,2020-03-03,0,0,0,0,0,-1.0,0.0,-1.0,-1.0,-1.0
41,2020-03-04,0,0,0,0,0,-1.0,0.0,-1.0,-1.0,-1.0
42,2020-03-05,0,0,0,0,0,-1.0,0.0,-1.0,-1.0,-1.0
43,2020-03-06,0,0,0,0,0,-1.0,0.0,-1.0,-1.0,-1.0
44,2020-03-07,0,0,0,0,0,-1.0,0.0,-1.0,-1.0,-1.0
45,2020-03-08,0,0,0,0,0,-1.0,0.0,-1.0,-1.0,-1.0
46,2020-03-09,0,0,0,0,0,-1.0,0.0,-1.0,-1.0,-1.0
47,2020-03-10,0,0,0,0,0,-1.0,0.0,-1.0,-1.0,-1.0
48,2020-03-11,0,0,0,0,0,-1.0,0.0,-1.0,-1.0,-1.0
49,2020-03-12,0,0,0,0,0,-1.0,0.0,-1.0,-1.0,-1.0
50,2020-03-13,0,0,0,0,0,-1.0,0.0,-1.0,-1.0,-1.0
51,2020-03-14,0,0,0,0,0,-1.0,0.0,-1.0,-1.0,-1.0
52,2020-03-15,0,0,0,0,0,-1.0,0.0,-1.0,-1.0,-1.0
53,2020-03-16,0,0,0,0,0,-1.0,0.0,-1.0,-1.0,-1.0
54,2020-03-17,0,0,0,0,0,-1.0,0.0,-1.0,-1.0,-1.0
55,2020-03-18,0,0,0,0,0,-1.0,0.0,-1.0,-1.0,-1.0
56,2020-03-19,0,0,0,0,0,-1.0,0.0,-1.0,-1.0,-1.0
57,2020-03-20,0,0,0,0,0,-1.0,0.0,-1.0,-1.0,-1.0
58,2020-03-21,0,0,0,0,0,-1.0,0.0,-1.0,-1.0,-1.0
59,2020-03-22,0,0,0,0,0,-1.0,0.0,-1.0,-1.0,-1.0
60,2020-03-23,0,0,0,0,0,-1.0,0.0,-1.0,-1.0,-1.0
61,2020-03-24,0,0,0,0,0,-1.0,0.0,-1.0,-1.0,-1.0
62,2020-03-25,0,0,0,0,0,-1.0,0.0,-1.0,-1.0,-1.0
63,2020-03-26,0,0,0,0,0,-1.0,0.0,-1.0,-1.0,-1.0
64,2020-03-27,0,0,0,0,0,-1.0,0.4813614262560778,-0.0,-1.0,-0.0
65,2020-03-28,0,0,0,0,0,-1.0,0.4813614262560778,-0.0,-1.0,-0.0
66,2020-03-29,0,0,0,0,0,-1.0,0.4813614262560778,-0.0,-1.0,-0.0
67,2020-03-30,0,0,0,0,0,-1.0,0.4813614262560778,-0.0,-1.0,-0.0
68,2020-03-31,0,0,0,0,0,-1.0,0.4813614262560778,-0.0,-1.0,-0.0
69,2020-04-01,0,0,0,0,0,-1.0,0.4813614262560778,-0.0,-1.0,-0.0
70,2020-04-02,0,0,0,0,0,-1.0,0.4813614262560778,-0.0,-1.0,-0.0
71,2020-04-03,0,0,0,0,0,-1.0,0.4813614262560778,-0.0,-1.0,-0.0
72,2020-04-04,0,0,0,0,0,-1.0,0.4813614262560778,-0.0,-1.0,-0.0
73,2020-04-05,0,0,0,0,0,-1.0,0.4813614262560778,-0.0,-1.0,-0.0
74,2020-04-06,0,0,0,0,0,-1.0,0.4813614262560778,-0.0,-1.0,-0.0
75,2020-04-07,0,0,0,1,0,-0.0,1.0,-0.0,-0.0,-0.0
76,2020-04-08,0,0,0,1,1,-0.0,1.0,-0.0,-0.0,-0.0
77,2020-04-09,0,0,0,1,1,-0.0,1.0,-0.0,-0.0,-0.0
78,2020-04-10,0,0,0,1,1,-0.0,1.0,-0.0,-0.0,-0.0
79,2020-04-11,0,0,0,1,1,-0.0,1.0,-0.0,-0.0,-0.0
80,2020-04-12,0,0,0,1,1,-0.0,1.0,-0.0,-0.0,-0.0
81,2020-04-13,0,0,0,1,1,-0.0,1.0,-0.0,-0.0,-0.0
82,2020-04-14,1,0,0,1,1,-0.0,1.0,-0.0,-0.0,-0.0
83,2020-04-15,1,0,0,1,1,-0.0,1.0,-0.0,-0.0,-0.0
84,2020-04-16,1,0,0,1,1,-0.0,1.0,-0.0,-0.0,-0.0
85,2020-04-17,1,0,0,1,1,-0.0,1.0,-0.0,-0.0,-0.0
86,2020-04-18,1,0,0,1,1,-0.0,1.0,-0.0,-0.0,-0.0
87,2020-04-19,1,0,0,1,1,-0.0,1.0,-0.0,-0.0,-0.0
88,2020-04-20,1,0,0,1,1,-0.0,1.0,-0.0,-0.0,-0.0
89,2020-04-21,1,0,0,1,1,-0.0,1.0,-0.0,-0.0,-0.0
90,2020-04-22,1,0,0,1,1,-0.0,1.0,-0.0,-0.0,-0.0
91,2020-04-23,1,0,0,1,1,-0.0,1.0,-0.0,-0.0,-0.0
92,2020-04-24,1,0,0,1,1,-0.0,1.0,-0.0,-0.0,-0.0
93,2020-04-25,1,0,0,1,1,-0.0,1.0,-0.0,-0.0,-0.0
94,2020-04-26,1,0,0,1,1,-0.0,1.0,-0.0,-0.0,-0.0
95,2020-04-27,1,0,0,1,1,-0.0,1.0,-0.0,-0.0,-0.0
96,2020-04-28,1,0,0,1,1,-0.0,1.0,-0.0,-0.0,-0.0
97,2020-04-29,1,0,0,1,1,-0.0,1.0,-0.0,-0.0,-0.0
98,2020-04-30,1,0,0,1,1,-0.0,1.0,-0.0,-0.0,-0.0
99,2020-05-01,1,0,0,1,1,-0.0,1.0,-0.0,-0.0,-0.0
100,2020-05-02,1,0,0,1,1,-0.0,1.0,-0.0,-0.0,-0.0
101,2020-05-03,1,0,0,1,1,-0.0,1.0,-0.0,-0.0,-0.0
102,2020-05-04,1,0,0,1,1,-0.0,1.0,-0.0,-0.33,-0.0
103,2020-05-05,1,0,0,1,1,-0.0,1.0,-0.0,-0.33,-0.0
104,2020-05-06,1,0,0,1,1,-0.0,1.0,-0.0,-0.33,-0.0
105,2020-05-07,1,0,0,1,1,-0.0,1.0,-0.0,-0.33,-0.0
106,2020-05-08,1,0,0,1,1,-0.0,1.0,-0.0,-0.33,-0.0
107,2020-05-09,1,0,0,1,1,-0.0,1.0,-0.0,-0.33,-0.0
108,2020-05-10,1,0,0,1,1,-0.0,1.0,-0.0,-0.33,-0.0
109,2020-05-11,1,0,0,1,1,-0.0,1.0,-0.0,-0.33,-0.0
110,2020-05-12,1,0,1,1,1,-0.0,1.0,-0.0,-0.33,-0.0
111,2020-05-13,1,0,1,1,1,-0.0,1.0,-0.0,-0.33,-0.0
112,2020-05-14,1,0,1,1,1,-0.0,1.0,-0.0,-0.33,-0.0
113,2020-05-15,1,0,1,1,1,-0.0,1.0,-0.0,-0.33,-0.0
114,2020-05-16,1,0,1,1,1,-0.0,1.0,-0.0,-0.33,-0.0
115,2020-05-17,1,0,1,1,1,-0.0,1.0,-0.0,-0.33,-0.0
116,2020-05-18,1,0,1,1,1,-0.0,1.0,-0.0,-0.33,-0.0
117,2020-05-19,1,0,1,1,1,-0.0,1.0,-0.0,-0.33,-0.0
118,2020-05-20,1,0,1,1,1,-0.0,1.0,-0.0,-0.33,-0.0
119,2020-05-21,1,0,1,1,1,-0.0,1.0,-0.0,-0.33,-0.0
120,2020-05-22,1,0,1,1,1,-0.0,1.0,-0.0,-0.33,-0.0
121,2020-05-23,1,0,1,1,1,-0.0,1.0,-0.0,-0.33,-0.0
122,2020-05-24,1,0,1,1,1,-0.0,1.0,-0.0,-0.33,-0.0
123,2020-05-25,1,0,1,1,1,-0.0,1.0,-0.0,-0.33,-0.0
124,2020-05-26,1,0,1,1,1,-0.0,1.0,-0.0,-0.33,-0.0
125,2020-05-27,1,0,1,1,1,-0.0,1.0,-0.0,-0.33,-0.0
126,2020-05-28,1,0,1,1,1,-0.0,1.0,-0.0,-0.33,-0.0
127,2020-05-29,1,0,1,1,1,-0.0,1.0,-0.0,-0.33,-0.0
128,2020-05-30,1,0,1,1,1,-0.0,1.0,-0.0,-0.33,-0.0
129,2020-05-31,1,0,1,1,1,-0.0,1.0,-0.0,-0.33,-0.0
130,2020-06-01,1,0,1,1,1,-0.0,1.0,-0.0,-0.33,-0.0
131,2020-06-02,1,0,1,1,1,-0.5,1.0,-0.0,-0.5,-0.0
132,2020-06-03,1,0,1,0,1,-0.5,1.0,-0.0,-0.5,-0.0
133,2020-06-04,1,0,1,0,1,-0.5,1.0,-0.0,-0.5,-0.0
134,2020-06-05,1,0,1,0,1,-0.5,1.0,-0.0,-0.5,-0.0
135,2020-06-06,1,0,1,0,1,-0.5,1.0,-0.0,-0.5,-0.0
136,2020-06-07,1,0,1,0,1,-0.5,1.0,-0.0,-0.5,-0.0
137,2020-06-08,1,0,1,0,1,-0.5,1.0,-0.0,-0.5,-0.0
138,2020-06-09,1,0,1,0,1,-0.5,1.0,-0.0,-0.5,-0.0
139,2020-06-10,1,0,1,0,1,-0.5,1.0,-0.0,-0.5,-0.0
140,2020-06-11,1,0,1,0,1,-0.5,1.0,-0.0,-0.5,-0.0
141,2020-06-12,1,0,1,0,1,-0.5,1.0,-0.0,-0.5,-0.0
142,2020-06-13,1,0,1,0,1,-0.5,1.0,-0.0,-0.5,-0.0
143,2020-06-14,1,0,1,0,1,-0.5,1.0,-0.0,-0.5,-0.0
144,2020-06-15,1,0,1,0,1,-0.5,1.0,-0.0,-0.5,-0.0
145,2020-06-16,1,0,1,0,1,-0.5,1.0,-0.0,-0.5,-0.0
146,2020-06-17,1,0,1,0,1,-0.5,1.0,-0.0,-0.5,-0.0
147,2020-06-18,1,0,1,0,1,-0.5,1.0,-0.0,-0.5,-0.0
148,2020-06-19,1,0,1,0,1,-0.5,0.286871961102107,-0.0,-0.5,-0.0
149,2020-06-20,1,0,1,0,1,-0.5,0.286871961102107,-0.0,-0.5,-0.0
150,2020-06-21,1,0,1,0,1,-0.5,0.286871961102107,-0.0,-0.5,-0.0
151,2020-06-22,1,0,1,0,1,-0.5,0.286871961102107,-0.0,-0.5,-0.0
152,2020-06-23,1,0,1,0,1,-0.5,0.286871961102107,-0.0,-0.5,-0.0
153,2020-06-24,1,0,1,0,1,-0.5,0.286871961102107,-0.0,-0.5,-0.0
154,2020-06-25,1,0,1,0,1,-0.5,0.286871961102107,-0.0,-0.5,-0.0
155,2020-06-26,1,0,1,0,1,-0.5,0.286871961102107,-0.0,-0.5,-0.25
156,2020-06-27,1,0,1,0,1,-0.5,0.286871961102107,-0.0,-0.5,-0.25
157,2020-06-28,1,0,1,0,1,-0.5,0.286871961102107,-0.0,-0.5,-0.25
158,2020-06-29,1,0,1,0,1,-0.5,0.286871961102107,-0.0,-0.5,-0.25
159,2020-06-30,1,0,1,0,0,-0.5,0.286871961102107,-0.0,-0.5,-0.25
160,2020-07-01,1,0,1,0,0,-0.5,0.286871961102107,-0.65,-0.5,-0.25
161,2020-07-02,1,0,1,0,0,-0.5,0.286871961102107,-0.65,-0.5,-0.25
162,2020-07-03,1,0,1,0,0,-0.5,0.286871961102107,-0.65,-0.5,-0.25
163,2020-07-04,1,0,1,0,0,-0.5,0.286871961102107,-0.65,-0.5,-0.25
164,2020-07-05,1,0,1,0,0,-0.5,0.286871961102107,-0.65,-0.5,-0.25
165,2020-07-06,1,0,1,0,0,-0.5,0.286871961102107,-0.65,-0.5,-0.25
166,2020-07-07,1,0,1,0,0,-0.5,0.286871961102107,-0.65,-0.5,-0.25
167,2020-07-08,1,0,1,0,0,-0.5,0.286871961102107,-0.65,-0.5,-0.25
168,2020-07-09,1,0,1,0,0,-0.5,0.286871961102107,-0.65,-0.5,-0.25
169,2020-07-10,1,0,1,0,0,-0.5,0.286871961102107,-0.65,-0.5,-0.25
170,2020-07-11,1,0,1,0,0,-0.5,0.286871961102107,-0.65,-0.5,-0.25
171,2020-07-12,1,0,1,0,0,-0.5,0.286871961102107,-0.65,-0.5,-0.25
172,2020-07-13,1,0,1,0,0,-0.5,0.286871961102107,-0.65,-0.5,-0.25
173,2020-07-14,1,0,1,0,0,-0.5,0.286871961102107,-0.65,-0.5,-0.25
174,2020-07-15,1,0,1,0,0,-0.5,0.286871961102107,-0.65,-0.5,-0.25
175,2020-07-16,1,0,1,0,0,-0.5,0.286871961102107,-0.65,-0.5,-0.25
176,2020-07-17,1,0,1,0,0,-0.5,0.286871961102107,-0.65,-0.5,-0.25
177,2020-07-18,1,0,1,0,0,-0.5,0.286871961102107,-0.65,-0.5,-0.25
178,2020-07-19,1,0,1,0,0,-0.5,0.286871961102107,-0.65,-0.5,-0.25
179,2020-07-20,1,0,1,0,0,-0.5,0.286871961102107,-0.65,-0.5,-0.25
180,2020-07-21,1,0,1,0,0,-0.5,0.286871961102107,-0.65,-0.5,-0.25
181,2020-07-22,1,0,1,0,0,-0.5,0.286871961102107,-0.65,-0.5,-0.25
182,2020-07-23,1,0,1,0,0,-0.5,0.286871961102107,-0.65,-0.5,-0.25
183,2020-07-24,1,0,1,0,0,-0.5,0.286871961102107,-0.65,-0.5,-0.25
184,2020-07-25,1,0,1,0,0,-0.5,0.286871961102107,-0.65,-0.5,-0.25
185,2020-07-26,1,0,1,0,0,-0.5,0.286871961102107,-0.65,-0.5,-0.25
186,2020-07-27,1,0,1,0,0,-0.5,0.286871961102107,-0.65,-0.5,-0.25
187,2020-07-28,1,0,1,0,0,-0.5,0.286871961102107,-0.65,-0.5,-0.25
188,2020-07-29,1,0,1,0,0,-0.5,0.286871961102107,-0.65,-0.5,-0.25
189,2020-07-30,1,0,1,0,0,-0.5,0.286871961102107,-0.65,-0.5,-0.25
190,2020-07-31,1,0,1,0,0,-0.5,0.286871961102107,-0.65,-0.5,-0.25
191,2020-08-01,1,0,1,0,0,-0.5,0.286871961102107,-0.65,-0.5,-0.25
192,2020-08-02,1,0,1,0,0,-0.5,0.286871961102107,-0.65,-0.5,-0.25
193,2020-08-03,1,0,1,0,0,-0.5,0.286871961102107,-0.65,-0.5,-0.25
194,2020-08-04,1,0,1,0,0,-0.5,0.286871961102107,-0.65,-0.5,-0.25
195,2020-08-05,1,0,1,0,0,-0.5,0.286871961102107,-0.65,-0.5,-0.25
196,2020-08-06,1,0,1,0,0,-0.5,0.286871961102107,-0.65,-0.5,-0.25
197,2020-08-07,1,0,1,0,0,-0.5,0.286871961102107,-0.65,-0.5,-0.25
198,2020-08-08,1,0,1,0,0,-0.5,0.286871961102107,-0.65,-0.5,-0.25
199,2020-08-09,1,0,1,0,0,-0.5,0.286871961102107,-0.65,-0.5,-0.25
200,2020-08-10,1,0,1,0,0,-0.5,0.286871961102107,-0.65,-0.5,-0.25
201,2020-08-11,1,0,1,0,0,-0.5,0.286871961102107,-0.65,-0.5,-0.25
202,2020-08-12,1,0,1,0,0,-0.5,0.286871961102107,-0.65,-0.5,-0.25
203,2020-08-13,1,0,1,0,0,-0.5,0.286871961102107,-0.65,-0.5,-0.25
204,2020-08-14,1,0,1,0,0,-0.5,0.286871961102107,-0.65,-0.5,-0.25
205,2020-08-15,1,0,1,0,0,-0.5,0.286871961102107,-0.65,-0.5,-0.25
206,2020-08-16,1,0,1,0,0,-0.5,0.286871961102107,-0.65,-0.5,-0.25
207,2020-08-17,1,0,1,0,0,-0.5,0.286871961102107,-0.65,-0.5,-0.25
208,2020-08-18,1,0,1,0,0,-0.5,0.286871961102107,-0.65,-0.5,-0.25
209,2020-08-19,1,0,1,0,0,-0.5,0.286871961102107,-0.65,-0.5,-0.25
210,2020-08-20,1,0,1,0,0,-0.5,0.286871961102107,-0.65,-0.5,-0.25
211,2020-08-21,1,0,1,0,0,-0.5,0.286871961102107,-0.65,-0.5,-0.25
212,2020-08-22,1,0,1,0,0,-0.5,0.286871961102107,-0.65,-0.5,-0.25
213,2020-08-23,1,0,1,0,0,-0.5,0.286871961102107,-0.65,-0.5,-0.25
214,2020-08-24,1,0,1,0,0,-0.5,0.286871961102107,-0.65,-0.5,-0.25
215,2020-08-25,1,0,1,0,0,-0.5,0.286871961102107,-0.65,-0.5,-0.25
216,2020-08-26,1,0,1,0,0,-0.5,0.286871961102107,-0.65,-0.5,-0.25
217,2020-08-27,1,0,1,0,0,-0.5,0.286871961102107,-0.65,-0.5,-0.25
218,2020-08-28,1,0,1,0,0,-0.5,0.286871961102107,-0.65,-0.5,-0.25
219,2020-08-29,1,0,1,0,0,-0.5,0.286871961102107,-0.65,-0.5,-0.25
220,2020-08-30,1,0,1,0,0,-0.5,0.286871961102107,-0.65,-0.5,-0.25
221,2020-08-31,1,0,1,0,0,-0.5,0.286871961102107,-0.65,-0.5,-0.25
222,2020-09-01,1,0,1,0,0,-0.5,0.286871961102107,-0.65,-0.5,-0.25
223,2020-09-02,1,0,1,0,0,-0.5,0.286871961102107,-0.65,-0.5,-0.25
224,2020-09-03,1,0,1,0,0,-0.5,0.286871961102107,-0.65,-0.5,-0.25
225,2020-09-04,1,0,1,0,0,-0.5,0.286871961102107,-0.65,-0.5,-0.25
226,2020-09-05,1,0,1,0,0,-0.5,0.286871961102107,-0.65,-0.5,-0.25
227,2020-09-06,1,0,1,0,0,-0.5,0.286871961102107,-0.65,-0.5,-0.25
228,2020-09-07,1,0,1,0,0,-0.5,0.286871961102107,-0.65,-0.5,-0.25
229,2020-09-08,1,0,1,0,0,-0.5,0.286871961102107,-0.65,-0.5,-0.25
230,2020-09-09,1,0,1,0,0,-0.5,0.286871961102107,-0.65,-0.5,-0.25
231,2020-09-10,1,0,1,0,0,-0.5,0.286871961102107,-0.65,-0.5,-0.25
232,2020-09-11,1,0,1,0,0,-0.5,0.286871961102107,-0.65,-0.5,-0.25
233,2020-09-12,1,0,1,0,0,-0.5,0.286871961102107,-0.65,-0.5,-0.25
234,2020-09-13,1,0,1,0,0,-0.5,0.286871961102107,-0.65,-0.5,-0.25
235,2020-09-14,1,0,1,0,0,-0.5,0.286871961102107,-0.65,-0.5,-0.25
236,2020-09-15,1,0,1,0,0,-0.5,0.286871961102107,-0.65,-0.5,-0.25
237,2020-09-16,1,0,1,0,0,-0.5,0.286871961102107,-0.65,-0.5,-0.25
238,2020-09-17,1,0,1,0,0,-0.5,0.286871961102107,-0.65,-0.5,-0.25
239,2020-09-18,1,0,1,0,0,-0.5,0.286871961102107,-0.65,-0.5,-0.25
240,2020-09-19,1,0,1,0,0,-0.5,0.286871961102107,-0.65,-0.5,-0.25
241,2020-09-20,1,0,1,0,0,-0.5,0.286871961102107,-0.65,-0.5,-0.25
242,2020-09-21,1,0,1,0,0,-0.5,0.286871961102107,-0.65,-0.5,-0.25
243,2020-09-22,1,0,1,0,0,-0.5,0.286871961102107,-0.65,-0.5,-0.25
244,2020-09-23,1,0,1,0,0,-0.5,0.286871961102107,-0.65,-0.5,-0.25
245,2020-09-24,1,0,1,0,0,-0.5,0.286871961102107,-0.65,-0.5,-0.25
246,2020-09-25,1,0,1,0,0,-0.5,0.286871961102107,-0.65,-0.5,-0.25
247,2020-09-26,1,0,1,0,0,-0.5,0.286871961102107,-0.65,-0.5,-0.25
248,2020-09-27,1,0,1,0,0,-0.5,0.286871961102107,-0.65,-0.5,-0.25
249,2020-09-28,1,0,1,0,0,-0.5,0.286871961102107,-0.65,-0.5,-0.25
250,2020-09-29,1,0,1,0,0,-0.5,0.286871961102107,-0.65,-0.5,-0.25
251,2020-09-30,1,0,1,0,0,-0.5,0.286871961102107,-0.65,-0.5,-0.25
252,2020-10-01,1,0,1,0,0,-0.5,0.286871961102107,-0.65,-0.5,-0.25
253,2020-10-02,1,0,1,0,0,-0.5,0.286871961102107,-0.65,-0.5,-0.25
254,2020-10-03,1,0,1,0,0,-0.5,0.286871961102107,-0.65,-0.5,-0.25
255,2020-10-04,1,0,1,0,0,-0.5,0.286871961102107,-0.65,-0.5,-0.25
256,2020-10-05,1,0,1,0,0,-0.5,0.286871961102107,-0.65,-0.5,-0.25
257,2020-10-06,1,0,1,0,0,-0.5,0.286871961102107,-0.65,-0.5,-0.25
258,2020-10-07,1,0,1,0,0,-0.5,0.286871961102107,-0.65,-0.5,-0.25
259,2020-10-08,1,0,1,0,0,-0.5,0.286871961102107,-0.65,-0.5,-0.25
260,2020-10-09,1,0,1,0,0,-0.5,0.286871961102107,-0.65,-0.5,-0.25
261,2020-10-10,1,0,1,0,0,-0.5,0.286871961102107,-0.65,-0.5,-0.25
262,2020-10-11,1,0,1,0,0,-0.5,0.286871961102107,-0.65,-0.5,-0.25
263,2020-10-12,1,0,1,0,0,-0.5,0.286871961102107,-0.65,-0.5,-0.25
264,2020-10-13,1,0,1,0,0,-0.5,0.286871961102107,-0.65,-0.5,-0.25
265,2020-10-14,1,0,1,0,0,-0.5,0.286871961102107,-0.65,-0.5,-0.25
266,2020-10-15,1,0,1,0,0,-0.5,0.286871961102107,-0.65,-0.5,-0.25
267,2020-10-16,1,0,1,0,0,-0.5,0.286871961102107,-0.65,-0.5,-0.25
268,2020-10-17,1,0,1,0,0,-0.5,0.286871961102107,-0.65,-0.5,-0.25
269,2020-10-18,1,0,1,0,0,-0.5,0.286871961102107,-0.65,-0.5,-0.25
270,2020-10-19,1,0,1,0,0,-0.5,0.286871961102107,-0.65,-0.5,-0.25
271,2020-10-20,1,0,1,0,0,-0.5,0.286871961102107,-0.65,-0.5,-0.25
272,2020-10-21,1,0,1,0,0,-0.5,0.286871961102107,-0.65,-0.5,-0.25
273,2020-10-22,1,0,1,0,0,-0.5,0.286871961102107,-0.65,-0.5,-0.25
274,2020-10-23,1,0,1,0,0,-0.5,0.286871961102107,-0.65,-0.5,-0.25
275,2020-10-24,1,0,1,0,0,-0.5,0.286871961102107,-0.65,-0.5,-0.25
276,2020-10-25,1,0,1,0,0,-0.5,0.286871961102107,-0.65,-0.5,-0.25
277,2020-10-26,1,0,1,0,0,-0.5,0.286871961102107,-0.65,-0.5,-0.25
278,2020-10-27,1,0,1,0,0,-0.5,0.286871961102107,-0.65,-0.5,-0.25
279,2020-10-28,1,0,1,0,0,-0.5,0.286871961102107,-0.65,-0.5,-0.25
280,2020-10-29,1,0,1,0,0,-0.5,0.286871961102107,-0.65,-0.5,-0.25
281,2020-10-30,1,0,1,0,0,-0.5,0.286871961102107,-0.65,-0.5,-0.25
282,2020-10-31,1,0,1,0,0,-0.5,0.286871961102107,-0.65,-0.5,-0.25
283,2020-11-01,1,0,1,0,0,-0.5,0.286871961102107,-0.65,-0.5,-0.25
284,2020-11-02,1,0,1,0,0,-0.5,0.286871961102107,-0.65,-0.5,-0.25
285,2020-11-03,1,0,1,0,0,-0.5,0.286871961102107,-0.65,-0.5,-0.25
286,2020-11-04,1,0,1,0,0,-0.5,0.286871961102107,-0.65,-0.5,-0.25
287,2020-11-05,1,0,1,0,0,-0.5,0.286871961102107,-0.65,-0.5,-0.25
288,2020-11-06,1,0,1,0,0,-0.5,0.286871961102107,-0.65,-0.5,-0.25
289,2020-11-07,1,0,1,0,0,-0.5,0.286871961102107,-0.65,-0.5,-0.25
290,2020-11-08,1,0,1,0,0,-0.5,0.286871961102107,-0.65,-0.5,-0.25
291,2020-11-09,1,0,1,0,0,-0.5,0.286871961102107,-0.65,-0.5,-0.25
292,2020-11-10,1,0,1,0,0,-0.5,0.286871961102107,-0.65,-0.5,-0.25
293,2020-11-11,1,0,1,0,0,-0.5,0.286871961102107,-0.65,-0.5,-0.25
294,2020-11-12,1,0,1,0,0,-0.5,0.286871961102107,-0.65,-0.5,-0.25
295,2020-11-13,1,0,1,0,0,-0.5,0.286871961102107,-0.65,-0.5,-0.25
296,2020-11-14,1,0,1,0,0,-0.5,0.286871961102107,-0.65,-0.5,-0.25
297,2020-11-15,1,0,1,0,0,-0.5,0.286871961102107,-0.65,-0.5,-0.25
298,2020-11-16,1,0,1,0,0,-0.5,0.286871961102107,-0.65,-0.5,-0.25
299,2020-11-17,1,0,1,0,0,-0.5,0.286871961102107,-0.65,-0.5,-0.25
300,2020-11-18,1,0,1,0,0,-0.5,0.286871961102107,-0.65,-0.5,-0.25
301,2020-11-19,1,0,1,0,0,-0.5,0.286871961102107,-0.65,-0.5,-0.25
302,2020-11-20,1,0,1,0,0,-0.5,0.286871961102107,-0.65,-0.5,-0.25
303,2020-11-21,1,0,1,0,0,-0.5,0.286871961102107,-0.65,-0.5,-0.25
304,2020-11-22,1,0,1,0,0,-0.5,0.286871961102107,-0.65,-0.5,-0.25
305,2020-11-23,1,0,1,0,0,-0.5,0.286871961102107,-0.65,-0.5,-0.25
306,2020-11-24,1,0,1,0,0,-0.5,0.286871961102107,-0.65,-0.5,-0.25
307,2020-11-25,1,0,1,0,0,-0.5,0.286871961102107,-0.65,-0.5,-0.25
308,2020-11-26,1,0,1,0,0,-0.5,0.286871961102107,-0.65,-0.5,-0.25
309,2020-11-27,1,0,1,0,0,-0.5,0.286871961102107,-0.65,-0.5,-0.25
310,2020-11-28,1,0,1,0,0,-0.5,0.286871961102107,-0.65,-0.5,-0.25
311,2020-11-29,1,0,1,0,0,-0.5,0.286871961102107,-0.65,-0.5,-0.25
312,2020-11-30,1,0,1,0,0,-0.5,0.286871961102107,-0.65,-0.5,-0.25
313,2020-12-01,1,0,1,0,0,-0.5,0.286871961102107,-0.65,-0.5,-0.25
314,2020-12-02,1,0,1,0,0,-0.5,0.286871961102107,-0.65,-0.5,-0.25
315,2020-12-03,1,0,1,0,0,-0.5,0.286871961102107,-0.65,-0.5,-0.25
316,2020-12-04,1,0,1,0,0,-0.5,0.286871961102107,-0.65,-0.5,-0.25
317,2020-12-05,1,0,1,0,0,-0.5,0.286871961102107,-0.65,-0.5,-0.25
318,2020-12-06,1,0,1,0,0,-0.5,0.286871961102107,-0.65,-0.5,-0.25
319,2020-12-07,1,0,1,0,0,-0.5,0.286871961102107,-0.65,-0.5,-0.25
320,2020-12-08,1,0,1,0,0,-0.5,0.286871961102107,-0.65,-0.5,-0.25
321,2020-12-09,1,0,1,0,0,-0.5,0.286871961102107,-0.65,-0.5,-0.25
322,2020-12-10,1,0,1,0,0,-0.5,0.286871961102107,-0.65,-0.5,-0.25
323,2020-12-11,1,0,1,0,0,-0.5,0.286871961102107,-0.65,-0.5,-0.25
324,2020-12-12,1,0,1,0,0,-0.5,0.286871961102107,-0.65,-0.5,-0.25
325,2020-12-13,1,0,1,0,0,-0.5,0.286871961102107,-0.65,-0.5,-0.25
326,2020-12-14,1,0,1,0,0,-0.5,0.286871961102107,-0.65,-0.5,-0.25
327,2020-12-15,1,0,1,0,0,-0.5,0.286871961102107,-0.65,-0.5,-0.25
328,2020-12-16,1,0,1,0,0,-0.5,0.286871961102107,-0.65,-0.5,-0.25
329,2020-12-17,1,0,1,0,0,-0.5,0.286871961102107,-0.65,-0.5,-0.25
330,2020-12-18,1,0,1,0,0,-0.5,0.286871961102107,-0.65,-0.5,-0.25
331,2020-12-19,1,0,1,0,0,-0.5,0.286871961102107,-0.65,-0.5,-0.25
332,2020-12-20,1,0,1,0,0,-0.5,0.286871961102107,-0.65,-0.5,-0.25
333,2020-12-21,1,0,1,0,0,-0.5,0.286871961102107,-0.65,-0.5,-0.25
334,2020-12-22,1,0,1,0,0,-0.5,0.286871961102107,-0.65,-0.5,-0.25
335,2020-12-23,1,0,1,0,0,-0.5,0.286871961102107,-0.65,-0.5,-0.25
336,2020-12-24,1,0,1,0,0,-0.5,0.286871961102107,-0.65,-0.5,-0.25
337,2020-12-25,1,0,1,0,0,-0.5,0.286871961102107,-0.65,-0.5,-0.25
338,2020-12-26,1,0,1,0,0,-0.5,0.286871961102107,-0.65,-0.5,-0.25
339,2020-12-27,1,0,1,0,0,-0.5,0.286871961102107,-0.65,-0.5,-0.25
340,2020-12-28,1,0,1,0,0,-0.8,0.22204213938411668,-0.65,-0.75,-0.65
341,2020-12-29,1,0,1,0,0,-0.8,0.22204213938411668,-0.65,-0.75,-0.65
342,2020-12-30,1,0,1,0,0,-0.8,0.22204213938411668,-0.65,-0.75,-0.65
343,2020-12-31,1,0,1,0,0,-0.8,0.22204213938411668,-0.65,-0.75,-0.65
344,2021-01-01,1,0,1,0,0,-0.8,0.22204213938411668,-0.65,-0.75,-0.65
345,2021-01-02,1,0,1,0,0,-0.8,0.22204213938411668,-0.65,-0.75,-0.65
346,2021-01-03,1,0,1,0,0,-0.8,0.22204213938411668,-0.65,-0.75,-0.65
347,2021-01-04,1,0,1,0,0,-0.8,0.22204213938411668,-0.65,-0.75,-0.65
348,2021-01-05,1,0,1,0,0,-0.8,0.22204213938411668,-0.65,-0.75,-0.65
349,2021-01-06,1,0,1,0,0,-0.8,0.22204213938411668,-0.65,-0.75,-0.65
350,2021-01-07,1,0,1,0,0,-0.8,0.22204213938411668,-0.65,-0.75,-0.65
351,2021-01-08,1,0,1,0,0,-0.8,0.22204213938411668,-0.65,-0.75,-0.65
352,2021-01-09,1,0,1,0,0,-0.8,0.22204213938411668,-0.65,-0.75,-0.65
353,2021-01-10,1,0,1,0,0,-0.8,0.22204213938411668,-0.65,-0.75,-0.65
354,2021-01-11,1,0,1,0,0,-0.8,0.22204213938411668,-0.65,-0.75,-0.65
355,2021-01-12,1,0,1,0,0,-0.8,0.22204213938411668,-0.65,-0.75,-0.65
356,2021-01-13,1,0,1,0,0,-0.8,0.22204213938411668,-0.65,-0.75,-0.65
357,2021-01-14,1,0,1,0,0,-0.8,0.22204213938411668,-0.65,-0.75,-0.65
358,2021-01-15,1,0,1,0,0,-0.8,0.22204213938411668,-0.65,-0.75,-0.65
359,2021-01-16,1,0,1,0,0,-0.8,0.22204213938411668,-0.65,-0.75,-0.65
360,2021-01-17,1,0,1,0,0,-0.8,0.22204213938411668,-0.65,-0.75,-0.65
361,2021-01-18,1,0,1,0,0,-0.8,0.22204213938411668,-0.65,-0.75,-0.65
362,2021-01-19,1,0,1,0,0,-0.8,0.22204213938411668,-0.65,-0.75,-0.65
363,2021-01-20,1,0,1,0,0,-0.8,0.22204213938411668,-0.65,-0.75,-0.65
364,2021-01-21,1,0,1,0,0,-0.8,0.22204213938411668,-0.65,-0.75,-0.65
365,2021-01-22,1,0,1,0,0,-0.8,0.22204213938411668,-0.65,-0.75,-0.65
366,2021-01-23,1,0,1,0,0,-0.8,0.22204213938411668,-0.65,-0.75,-0.65
367,2021-01-24,1,0,1,0,0,-0.8,0.22204213938411668,-0.65,-0.75,-0.65
368,2021-01-25,1,0,1,0,0,-0.8,0.22204213938411668,-0.65,-0.75,-0.65
369,2021-01-26,1,0,1,0,0,-0.8,0.22204213938411668,-0.65,-0.75,-0.65
370,2021-01-27,1,0,1,0,0,-0.8,0.22204213938411668,-0.65,-0.75,-0.65
371,2021-01-28,1,0,1,0,0,-0.8,0.22204213938411668,-0.65,-0.75,-0.65
372,2021-01-29,1,0,1,0,0,-0.8,0.22204213938411668,-0.65,-0.75,-0.65
373,2021-01-30,1,0,1,0,0,-0.8,0.22204213938411668,-0.65,-0.75,-0.65
374,2021-01-31,1,0,1,0,0,-0.8,0.22204213938411668,-0.65,-0.75,-0.65
375,2021-02-01,1,0,1,0,0,-0.8,0.22204213938411668,-0.65,-0.75,-0.65
376,2021-02-02,1,0,1,0,0,-0.8,0.22204213938411668,-0.65,-0.75,-0.65
377,2021-02-03,1,0,1,0,0,-0.8,0.22204213938411668,-0.65,-0.75,-0.65
378,2021-02-04,1,0,1,0,0,-0.8,0.22204213938411668,-0.65,-0.75,-0.65
379,2021-02-05,1,0,1,0,0,-0.8,0.22204213938411668,-0.65,-0.75,-0.65
380,2021-02-06,1,0,1,0,0,-0.8,0.22204213938411668,-0.65,-0.75,-0.65
381,2021-02-07,1,0,1,0,0,-0.8,0.22204213938411668,-0.65,-0.75,-0.65
382,2021-02-08,1,0,1,0,0,-0.8,0.22204213938411668,-0.65,-0.75,-0.65
383,2021-02-09,1,0,1,0,0,-0.8,0.22204213938411668,-0.65,-0.75,-0.65
384,2021-02-10,1,0,1,0,0,-0.8,0.22204213938411668,-0.65,-0.75,-0.65
385,2021-02-11,1,0,1,0,0,-0.8,0.22204213938411668,-0.65,-0.75,-0.65
386,2021-02-12,1,0,1,0,0,-0.8,0.22204213938411668,-0.65,-0.75,-0.65
387,2021-02-13,1,0,1,0,0,-0.8,0.22204213938411668,-0.65,-0.75,-0.65
388,2021-02-14,1,0,1,0,0,-0.8,0.22204213938411668,-0.65,-0.75,-0.65
389,2021-02-15,1,0,1,0,0,-0.8,0.22204213938411668,-0.65,-0.75,-0.65
390,2021-02-16,1,0,1,0,0,-0.8,0.22204213938411668,-0.65,-0.75,-0.65
391,2021-02-17,1,0,1,0,0,-0.8,0.22204213938411668,-0.65,-0.75,-0.65
392,2021-02-18,1,0,1,0,0,-0.8,0.22204213938411668,-0.65,-0.75,-0.65
393,2021-02-19,1,0,1,0,0,-0.8,0.22204213938411668,-0.65,-0.75,-0.65
394,2021-02-20,1,0,1,0,0,-0.8,0.22204213938411668,-0.65,-0.75,-0.65
395,2021-02-21,1,0,1,0,0,-0.8,0.22204213938411668,-0.65,-0.75,-0.65
396,2021-02-22,1,0,1,0,0,-0.8,0.22204213938411668,-0.65,-0.75,-0.65
397,2021-02-23,1,0,1,0,0,-0.8,0.22204213938411668,-0.65,-0.75,-0.65
398,2021-02-24,1,0,1,0,0,-0.8,0.22204213938411668,-0.65,-0.75,-0.65
399,2021-02-25,1,0,1,0,0,-0.8,0.22204213938411668,-0.65,-0.75,-0.65
400,2021-02-26,1,0,1,0,0,-0.8,0.22204213938411668,-0.65,-0.75,-0.65
401,2021-02-27,1,0,1,0,0,-0.8,0.22204213938411668,-0.65,-0.75,-0.65
402,2021-02-28,1,0,1,0,0,-0.8,0.22204213938411668,-0.65,-0.75,-0.65
403,2021-03-01,1,0,1,0,0,-0.8,0.22204213938411668,-0.65,-0.75,-0.65
404,2021-03-02,1,0,1,0,0,-0.8,0.22204213938411668,-0.65,-0.75,-0.65
405,2021-03-03,1,0,1,0,0,-0.8,0.22204213938411668,-0.65,-0.75,-0.65
406,2021-03-04,1,0,1,0,0,-0.8,0.22204213938411668,-0.65,-0.75,-0.65
407,2021-03-05,1,0,1,0,0,-0.8,0.22204213938411668,-0.65,-0.75,-0.65
408,2021-03-06,1,0,1,0,0,-0.8,0.22204213938411668,-0.65,-0.75,-0.65
409,2021-03-07,1,0,1,0,0,-0.8,0.22204213938411668,-0.65,-0.75,-0.65
410,2021-03-08,1,0,1,0,0,-0.8,0.22204213938411668,-0.65,-0.75,-0.65
411,2021-03-09,1,0,1,0,0,-0.8,0.22204213938411668,-0.65,-0.75,-0.65
412,2021-03-10,1,0,1,0,0,-0.8,0.22204213938411668,-0.65,-0.75,-0.65
413,2021-03-11,1,0,1,0,0,-0.8,0.22204213938411668,-0.65,-0.75,-0.65
414,2021-03-12,1,0,1,0,0,-0.8,0.22204213938411668,-0.65,-0.75,-0.65
415,2021-03-13,1,0,1,0,0,-0.8,0.22204213938411668,-0.65,-0.75,-0.65
416,2021-03-14,1,0,1,0,0,-0.8,0.22204213938411668,-0.65,-0.75,-0.65
417,2021-03-15,1,0,1,0,0,-0.8,0.22204213938411668,-0.65,-0.75,-0.65
418,2021-03-16,1,0,1,0,0,-0.8,0.22204213938411668,-0.65,-0.75,-0.65
419,2021-03-17,1,0,1,0,0,-0.8,0.22204213938411668,-0.65,-0.75,-0.65
420,2021-03-18,1,0,1,0,0,-0.8,0.22204213938411668,-0.65,-0.75,-0.65
421,2021-03-19,1,0,1,0,0,-0.8,0.22204213938411668,-0.65,-0.75,-0.65
422,2021-03-20,1,0,1,0,0,-0.8,0.22204213938411668,-0.65,-0.75,-0.65
423,2021-03-21,1,0,1,0,0,-0.8,0.22204213938411668,-0.65,-0.75,-0.65
424,2021-03-22,1,0,1,0,0,-0.8,0.22204213938411668,-0.65,-0.75,-0.65
425,2021-03-23,1,0,1,0,0,-0.8,0.22204213938411668,-0.65,-0.75,-0.65
426,2021-03-24,1,0,1,0,0,-0.8,0.22204213938411668,-0.65,-0.75,-0.65
427,2021-03-25,1,0,1,0,0,-0.8,0.22204213938411668,-0.65,-0.75,-0.65
428,2021-03-26,1,0,1,0,0,-0.8,0.22204213938411668,-0.65,-0.75,-0.65
429,2021-03-27,1,0,1,0,0,-0.8,0.22204213938411668,-0.65,-0.75,-0.65
430,2021-03-28,1,0,1,0,0,-0.8,0.22204213938411668,-0.65,-0.75,-0.65
431,2021-03-29,1,0,1,0,0,-0.8,0.22204213938411668,-0.65,-0.75,-0.65
432,2021-03-30,1,0,1,0,0,-0.8,0.22204213938411668,-0.65,-0.75,-0.65
433,2021-03-31,1,0,1,0,0,-0.8,0.22204213938411668,-0.65,-0.75,-0.65
434,2021-04-01,1,0,1,0,0,-0.8,0.22204213938411668,-0.65,-0.75,-0.65
435,2021-04-02,1,0,1,0,0,-0.8,0.22204213938411668,-0.65,-0.75,-0.65
436,2021-04-03,1,0,1,0,0,-0.8,0.22204213938411668,-0.65,-0.75,-0.65
437,2021-04-04,1,0,1,0,0,-0.8,0.22204213938411668,-0.65,-0.75,-0.65
438,2021-04-05,1,0,1,0,0,-0.8,0.22204213938411668,-0.65,-0.75,-0.65
439,2021-04-06,1,0,1,0,0,-0.8,0.22204213938411668,-0.65,-0.75,-0.65
440,2021-04-07,1,0,1,0,0,-0.8,0.22204213938411668,-0.65,-0.75,-0.65
441,2021-04-08,1,0,1,0,0,-0.8,0.22204213938411668,-0.65,-0.75,-0.65
442,2021-04-09,1,0,1,0,0,-0.8,0.22204213938411668,-0.65,-0.75,-0.65
443,2021-04-10,1,0,1,0,0,-0.8,0.22204213938411668,-0.65,-0.75,-0.65
444,2021-04-11,1,0,1,0,0,-0.8,0.22204213938411668,-0.65,-0.75,-0.65
445,2021-04-12,1,0,1,0,0,-0.8,0.22204213938411668,-0.65,-0.75,-0.65
446,2021-04-13,1,0,1,0,0,-0.8,0.22204213938411668,-0.65,-0.75,-0.65
447,2021-04-14,1,0,1,0,0,-0.8,0.22204213938411668,-0.65,-0.75,-0.65
448,2021-04-15,1,0,1,0,0,-0.8,0.22204213938411668,-0.65,-0.75,-0.65
449,2021-04-16,1,0,1,0,0,-0.8,0.22204213938411668,-0.65,-0.75,-0.65
450,2021-04-17,1,0,1,0,0,-0.8,0.22204213938411668,-0.65,-0.75,-0.65
451,2021-04-18,1,0,1,0,0,-0.8,0.22204213938411668,-0.65,-0.75,-0.65
452,2021-04-19,1,0,1,0,0,-0.8,0.22204213938411668,-0.65,-0.75,-0.65
453,2021-04-20,1,0,1,0,0,-0.8,0.22204213938411668,-0.65,-0.75,-0.65
454,2021-04-21,1,0,1,0,0,-0.8,0.22204213938411668,-0.65,-0.75,-0.65
455,2021-04-22,1,0,1,0,0,-0.8,0.22204213938411668,-0.65,-0.75,-0.65
456,2021-04-23,1,0,1,0,0,-0.8,0.22204213938411668,-0.65,-0.75,-0.65
457,2021-04-24,1,0,1,0,0,-0.8,0.22204213938411668,-0.65,-0.75,-0.65
458,2021-04-25,1,0,1,0,0,-0.8,0.22204213938411668,-0.65,-0.75,-0.65
459,2021-04-26,1,0,1,0,0,-0.8,0.22204213938411668,-0.65,-0.75,-0.65
460,2021-04-27,1,0,1,0,0,-0.8,0.22204213938411668,-0.65,-0.75,-0.65
461,2021-04-28,1,0,1,0,0,-0.8,0.22204213938411668,-0.65,-0.75,-0.65
462,2021-04-29,1,0,1,0,0,-0.8,0.22204213938411668,-0.65,-0.75,-0.65
463,2021-04-30,1,0,1,0,0,-0.8,0.22204213938411668,-0.65,-0.75,-0.65
464,2021-05-01,1,0,1,0,0,-0.8,0.22204213938411668,-0.65,-0.75,-0.65
465,2021-05-02,1,0,1,0,0,-0.8,0.22204213938411668,-0.65,-0.75,-0.65
466,2021-05-03,1,0,1,0,0,-0.8,0.22204213938411668,-0.65,-0.75,-0.65
467,2021-05-04,1,0,1,0,0,-0.8,0.22204213938411668,-0.65,-0.75,-0.65
468,2021-05-05,1,0,1,0,0,-0.8,0.22204213938411668,-0.65,-0.75,-0.65
469,2021-05-06,1,0,1,0,0,-0.8,0.22204213938411668,-0.65,-0.75,-0.65
470,2021-05-07,1,0,1,0,0,-0.8,0.22204213938411668,-0.65,-0.75,-0.65
471,2021-05-08,1,0,1,0,0,-0.5,0.22204213938411668,-0.5,-0.75,-0.5
472,2021-05-09,1,0,1,0,0,-0.5,0.22204213938411668,-0.5,-0.75,-0.5
473,2021-05-10,1,0,1,0,0,-0.5,0.22204213938411668,-0.5,-0.75,-0.5
474,2021-05-11,1,0,1,0,0,-0.5,0.22204213938411668,-0.5,-0.75,-0.5
475,2021-05-12,1,0,1,0,0,-0.5,0.22204213938411668,-0.5,-0.75,-0.5
476,2021-05-13,1,0,1,0,0,-0.5,0.22204213938411668,-0.5,-0.75,-0.5
477,2021-05-14,1,0,1,0,0,-0.5,0.22204213938411668,-0.5,-0.75,-0.5
478,2021-05-15,1,0,1,0,0,-0.5,0.22204213938411668,-0.5,-0.75,-0.5
479,2021-05-16,1,1,1,0,0,-0.2,0.4813614262560778,-0.25,-0.33,-0.25
480,2021-05-17,1,1,1,0,0,-0.2,0.4813614262560778,-0.25,-0.33,-0.25
481,2021-05-18,1,1,1,0,0,-0.2,0.4813614262560778,-0.25,-0.33,-0.25
482,2021-05-19,1,1,1,0,0,-0.2,0.4813614262560778,-0.25,-0.33,-0.25
483,2021-05-20,1,1,1,0,0,-0.2,0.4813614262560778,-0.25,-0.33,-0.25
484,2021-05-21,1,1,1,0,0,-0.2,0.4813614262560778,-0.25,-0.33,-0.25
485,2021-05-22,1,1,1,0,0,-0.2,0.4813614262560778,-0.25,-0.33,-0.25
486,2021-05-23,1,1,1,0,0,-0.2,0.4813614262560778,-0.25,-0.33,-0.25
487,2021-05-24,1,1,1,0,0,-0.2,0.4813614262560778,-0.25,-0.33,-0.25
488,2021-05-25,1,1,1,0,0,-0.2,0.4813614262560778,-0.25,-0.33,-0.25
489,2021-05-26,1,1,1,0,0,-0.2,0.4813614262560778,-0.25,-0.33,-0.25
490,2021-05-27,1,1,1,0,0,-0.2,0.4813614262560778,-0.25,-0.33,-0.25
491,2021-05-28,1,1,1,0,0,-0.2,0.4813614262560778,-0.25,-0.5,-0.25
492,2021-05-29,1,1,1,0,0,-0.2,0.4813614262560778,-0.25,-0.5,-0.25
493,2021-05-30,1,1,1,0,0,-0.2,0.4813614262560778,-0.25,-0.5,-0.25
494,2021-05-31,1,1,1,0,0,-0.2,0.4813614262560778,-0.25,-0.5,-0.25
495,2021-06-01,1,1,1,0,0,-0.2,0.4813614262560778,-0.25,-0.5,-0.25
496,2021-06-02,1,1,1,0,0,-0.2,0.4813614262560778,-0.25,-0.5,-0.25
497,2021-06-03,1,1,1,0,0,-0.2,0.4813614262560778,-0.25,-0.5,-0.25
498,2021-06-04,1,1,1,0,0,-0.2,0.4813614262560778,-0.25,-0.5,-0.25
499,2021-06-05,1,1,1,0,0,-0.2,0.4813614262560778,-0.25,-0.5,-0.25
500,2021-06-06,1,1,1,0,0,-0.2,0.4813614262560778,-0.25,-0.5,-0.25
501,2021-06-07,1,1,1,0,0,-0.2,0.4813614262560778,-0.25,-0.5,-0.25
502,2021-06-08,1,1,1,0,0,-0.2,0.4813614262560778,-0.25,-0.5,-0.25
503,2021-06-09,1,1,1,0,0,-0.2,0.4813614262560778,-0.25,-0.5,-0.25
504,2021-06-10,1,1,1,0,0,-0.2,0.4813614262560778,-0.25,-0.5,-0.25
505,2021-06-11,1,1,1,0,0,-0.2,0.4813614262560778,-0.25,-0.5,-0.25
506,2021-06-12,1,1,1,0,0,-0.2,0.4813614262560778,-0.25,-0.5,-0.25
507,2021-06-13,1,1,1,0,0,-0.2,0.4813614262560778,-0.25,-0.5,-0.25
508,2021-06-14,1,1,1,0,0,-0.5,0.286871961102107,-0.5,-0.5,-0.5
509,2021-06-15,1,1,1,0,0,-0.5,0.286871961102107,-0.5,-0.5,-0.5
510,2021-06-16,1,1,1,0,0,-0.5,0.286871961102107,-0.5,-0.5,-0.5
511,2021-06-17,1,1,1,0,0,-0.5,0.286871961102107,-0.5,-0.5,-0.5
512,2021-06-18,1,1,1,0,0,-0.5,0.286871961102107,-0.5,-0.5,-0.5
513,2021-06-19,1,1,1,0,0,-0.5,0.286871961102107,-0.5,-0.5,-0.5
514,2021-06-20,1,1,1,0,0,-0.5,0.286871961102107,-0.5,-0.5,-0.5
515,2021-06-21,1,1,1,0,0,-0.5,0.286871961102107,-0.5,-0.5,-0.5
516,2021-06-22,1,0,1,0,0,-0.5,0.286871961102107,-0.5,-0.33,-0.5
517,2021-06-23,1,0,1,0,0,-0.5,0.286871961102107,-0.5,-0.33,-0.5
518,2021-06-24,1,0,1,0,0,-0.5,0.286871961102107,-0.5,-0.33,-0.5
519,2021-06-25,1,0,1,0,0,-0.5,0.286871961102107,-0.5,-0.33,-0.5
520,2021-06-26,1,0,1,0,0,-0.5,0.286871961102107,-0.5,-0.33,-0.5
521,2021-06-27,1,0,1,0,0,-0.5,0.286871961102107,-0.5,-0.33,-0.5
522,2021-06-28,1,0,1,0,0,-0.5,0.286871961102107,-0.5,-0.33,-0.5
523,2021-06-29,1,0,1,0,0,-0.5,0.286871961102107,-0.5,-0.33,-0.5
524,2021-06-30,1,0,1,0,0,-0.5,0.286871961102107,-0.5,-0.33,-0.5
525,2021-07-01,1,0,1,0,0,-0.5,0.286871961102107,-0.5,-0.33,-0.5
526,2021-07-02,1,0,1,0,0,-0.5,0.286871961102107,-0.5,-0.33,-0.5
527,2021-07-03,1,0,1,0,0,-0.5,0.286871961102107,-0.5,-0.33,-0.5
528,2021-07-04,1,0,1,0,0,-0.5,0.286871961102107,-0.5,-0.33,-0.5
529,2021-07-05,1,0,1,0,0,-0.5,0.286871961102107,-0.5,-0.33,-0.5
530,2021-07-06,1,0,1,0,0,-0.5,0.286871961102107,-0.5,-0.33,-0.5
531,2021-07-07,1,0,1,0,0,-0.5,0.286871961102107,-0.5,-0.33,-0.5
532,2021-07-08,1,0,1,0,0,-0.5,0.286871961102107,-0.5,-0.33,-0.5
533,2021-07-09,1,0,1,0,0,-0.5,0.286871961102107,-0.5,-0.33,-0.5
534,2021-07-10,1,0,1,0,0,-0.5,0.286871961102107,-0.5,-0.33,-0.5
535,2021-07-11,1,0,1,0,0,-0.5,0.286871961102107,-0.5,-0.33,-0.5
536,2021-07-12,1,0,1,0,0,-0.5,0.286871961102107,-0.5,-0.33,-0.5
537,2021-07-13,1,0,1,0,0,-0.5,0.286871961102107,-0.5,-0.33,-0.5
538,2021-07-14,1,0,1,0,0,-0.5,0.286871961102107,-0.5,-0.33,-0.5
539,2021-07-15,1,0,1,0,0,-0.5,0.286871961102107,-0.5,-0.33,-0.5
540,2021-07-16,1,0,1,0,0,-0.5,0.286871961102107,-0.5,-0.33,-0.5
541,2021-07-17,1,0,1,0,0,-0.5,0.286871961102107,-0.5,-0.33,-0.5
542,2021-07-18,1,0,1,0,0,-0.5,0.286871961102107,-0.5,-0.33,-0.5
543,2021-07-19,1,0,1,0,0,-0.5,0.286871961102107,-0.5,-0.33,-0.5
544,2021-07-20,1,0,1,0,0,-0.5,0.286871961102107,-0.5,-0.33,-0.5
545,2021-07-21,1,0,1,0,0,-0.5,0.286871961102107,-0.5,-0.33,-0.5
546,2021-07-22,1,1,1,0,0,-0.2,0.286871961102107,-0.25,-0.33,-0.25
547,2021-07-23,1,1,1,0,0,-0.2,0.286871961102107,-0.25,-0.33,-0.25
548,2021-07-24,1,1,1,0,0,-0.2,0.286871961102107,-0.25,-0.33,-0.25
549,2021-07-25,1,1,1,0,0,-0.2,0.286871961102107,-0.25,-0.33,-0.25
550,2021-07-26,1,1,1,0,0,-0.2,0.286871961102107,-0.25,-0.33,-0.25
551,2021-07-27,1,1,1,0,0,-0.2,0.286871961102107,-0.25,-0.33,-0.25
552,2021-07-28,1,1,1,0,0,-0.2,0.286871961102107,-0.25,-0.33,-0.25
553,2021-07-29,1,1,1,0,0,-0.2,0.286871961102107,-0.25,-0.33,-0.25
554,2021-07-30,1,1,1,0,0,-0.2,0.286871961102107,-0.25,-0.33,-0.25
555,2021-07-31,1,1,1,0,0,-0.2,0.286871961102107,-0.25,-0.33,-0.25
556,2021-08-01,1,1,1,0,0,-0.2,0.286871961102107,-0.25,-0.33,-0.25
557,2021-08-02,1,1,1,0,0,-0.2,0.286871961102107,-0.25,-0.33,-0.25
558,2021-08-03,1,1,1,0,0,-0.2,0.286871961102107,-0.25,-0.33,-0.25
559,2021-08-04,1,1,1,0,0,-0.2,0.286871961102107,-0.25,-0.33,-0.25
560,2021-08-05,1,1,1,0,0,-0.2,0.286871961102107,-0.25,-0.33,-0.25
561,2021-08-06,1,1,1,0,0,-0.2,0.286871961102107,-0.25,-0.33,-0.25
562,2021-08-07,1,1,1,0,0,-0.2,0.286871961102107,-0.25,-0.33,-0.25
563,2021-08-08,1,1,1,0,0,-0.2,0.286871961102107,-0.25,-0.33,-0.25
564,2021-08-09,1,1,1,0,0,-0.2,0.286871961102107,-0.25,-0.33,-0.25
565,2021-08-10,1,1,1,0,0,-0.2,0.286871961102107,-0.25,-0.33,-0.25
566,2021-08-11,1,1,1,0,0,-0.2,0.286871961102107,-0.25,-0.33,-0.25
567,2021-08-12,1,1,1,0,0,-0.2,0.286871961102107,-0.25,-0.33,-0.25
568,2021-08-13,1,1,1,0,0,-0.2,0.286871961102107,-0.25,-0.33,-0.25
569,2021-08-14,1,1,1,0,0,-0.2,0.286871961102107,-0.25,-0.33,-0.25
570,2021-08-15,1,1,1,0,0,-0.2,0.286871961102107,-0.25,-0.33,-0.25
571,2021-08-16,1,1,1,0,0,-0.2,0.286871961102107,-0.25,-0.33,-0.25
572,2021-08-17,1,1,1,0,0,-0.2,0.286871961102107,-0.25,-0.33,-0.25
573,2021-08-18,1,1,1,0,0,-0.2,0.286871961102107,-0.25,-0.33,-0.25
