Date,Pifzer 1st dose,Pifzer 2nd dose,P3,Moderna 1st dose,Moderna 2nd dose,M3,SUM,4860000,Rate,Effective Vax t,, 3rd dose ,Pre-existing immunity
4/1/2021,0,0,0,0,0,0,0,4860000,0,0,, -   ,540000
5/1/2021,0,0,0,0,0,0,0,4860000,0,0,, -   ,540000
6/1/2021,9.38,0,0,0,0,0,9.38,4859990.62,1.93E-06,1.93E-06,, -   ,540000
7/1/2021,9.067333333,0,0,0,0,0,9.067333333,4859990.933,1.87E-06,-6.43E-08,, -   ,540000
8/1/2021,8.754666667,0,0,0,0,0,8.754666667,4859991.245,1.80E-06,-6.43E-08,, -   ,540000
9/1/2021,8.442,0,0,0,0,0,8.442,4859991.558,1.74E-06,-6.43E-08,, -   ,540000
10/1/2021,8.129333333,0,0,0,0,0,8.129333333,4859991.871,1.67E-06,-6.43E-08,, -   ,540000
11/1/2021,636.2766667,0,0,0,0,0,636.2766667,4859363.723,0.000130921,0.000129248,, -   ,540000
12/1/2021,1140.295333,0,0,0,0,0,1140.295333,4858859.705,0.000234629,0.000103708,, -   ,540000
13/1/2021,1101.524667,0,0,0,0,0,1101.524667,4858898.475,0.000226651,-7.98E-06,, -   ,540000
14/1/2021,1062.754,0,0,0,0,0,1062.754,4858937.246,0.000218674,-7.98E-06,, -   ,540000
15/1/2021,1023.983333,0,0,0,0,0,1023.983333,4858976.017,0.000210696,-7.98E-06,, -   ,540000
16/1/2021,985.2126667,0,0,0,0,0,985.2126667,4859014.787,0.000202719,-7.98E-06,, -   ,540000
17/1/2021,946.442,0,0,0,0,0,946.442,4859053.558,0.000194741,-7.98E-06,, -   ,540000
18/1/2021,907.6713333,0,0,0,0,0,907.6713333,4859092.329,0.000186764,-7.98E-06,, -   ,540000
19/1/2021,868.9006667,0,0,0,0,0,868.9006667,4859131.099,0.000178786,-7.98E-06,, -   ,540000
20/1/2021,830.13,0,0,0,0,0,830.13,4859169.87,0.000170809,-7.98E-06,, -   ,540000
21/1/2021,791.3593333,0,0,0,0,0,791.3593333,4859208.641,0.000162831,-7.98E-06,, -   ,540000
22/1/2021,10845.46867,0,0,0,0,0,10845.46867,4849154.531,0.002231578,0.002068747,, -   ,540000
23/1/2021,10470.26867,0,0,0,0,0,10470.26867,4849529.731,0.002154376,-7.72E-05,, -   ,540000
24/1/2021,10095.06867,0,0,0,0,0,10095.06867,4849904.931,0.002077175,-7.72E-05,, -   ,540000
25/1/2021,9719.868667,0,0,0,0,0,9719.868667,4850280.131,0.001999973,-7.72E-05,, -   ,540000
26/1/2021,9344.668667,0,0,0,0,0,9344.668667,4850655.331,0.001922771,-7.72E-05,, -   ,540000
27/1/2021,18909.45467,13.18785714,0,0,0,0,18922.64252,4841077.357,0.003893548,0.001970777,, -   ,540000
28/1/2021,18203.14067,16.99571429,0,0,0,0,18220.13638,4841779.864,0.003748999,-0.000144549,, -   ,540000
29/1/2021,17496.82667,20.80357143,0,0,0,0,17517.63024,4842482.37,0.003604451,-0.000144549,, -   ,540000
30/1/2021,16790.51267,24.61142857,0,0,0,0,16815.1241,4843184.876,0.003459902,-0.000144549,, -   ,540000
31/1/2021,23963.39867,28.41928571,0,0,0,0,23991.81795,4836008.182,0.004936588,0.001476686,, -   ,540000
1/2/2021,22994.44467,32.22714286,0,0,0,0,23026.67181,4836973.328,0.004737998,-0.00019859,, -   ,540000
2/2/2021,25462.32267,1605.39,0,0,0,0,27067.71267,4832932.287,0.005569488,0.00083149,, -   ,540000
3/2/2021,24405.50933,2058.3,0,0,0,0,26463.80933,4833536.191,0.005445228,-0.00012426,, -   ,540000
4/2/2021,23348.696,2511.21,0,0,0,0,25859.906,4834140.094,0.005320968,-0.00012426,, -   ,540000
5/2/2021,22291.88267,2964.12,0,0,0,0,25256.00267,4834743.997,0.005196708,-0.00012426,, -   ,540000
6/2/2021,21235.06933,3417.03,0,0,0,0,24652.09933,4835347.901,0.005072448,-0.00012426,, -   ,540000
7/2/2021,20178.256,3869.94,0,0,0,0,24048.196,4835951.804,0.004948188,-0.00012426,, -   ,540000
8/2/2021,25185.42507,4322.85,0,0,0,0,29508.27507,4830491.725,0.006071662,0.001123473,, -   ,540000
9/2/2021,23926.47899,4295.85,0,0,0,0,28222.32899,4831777.671,0.005807064,-0.000264598,, -   ,540000
10/2/2021,30673.55051,4268.85,0,0,0,0,34942.40051,4825057.599,0.007189794,0.001382731,, -   ,540000
11/2/2021,29148.98784,4241.85,0,0,0,0,33390.83784,4826609.162,0.006870543,-0.000319252,, -   ,540000
12/2/2021,27624.42517,4214.85,0,0,0,0,31839.27517,4828160.725,0.006551291,-0.000319252,, -   ,540000
13/2/2021,26099.86251,4187.85,0,0,0,0,30287.71251,4829712.287,0.00623204,-0.000319252,, -   ,540000
14/2/2021,24575.29984,4160.85,0,0,0,0,28736.14984,4831263.85,0.005912788,-0.000319252,, -   ,540000
15/2/2021,23050.73717,4133.85,0,0,0,0,27184.58717,4832815.413,0.005593536,-0.000319252,, -   ,540000
16/2/2021,21526.17451,4106.85,0,0,0,0,25633.02451,4834366.975,0.005274285,-0.000319252,, -   ,540000
17/2/2021,20001.61184,4079.85,0,0,0,0,24081.46184,4835918.538,0.004955033,-0.000319252,, -   ,540000
18/2/2021,14868.87584,31483.59286,0,0,0,0,46352.4687,4813647.531,0.009537545,0.004582512,, -   ,540000
19/2/2021,13994.65984,39376.93571,0,0,0,0,53371.59555,4806628.404,0.01098181,0.001444265,, -   ,540000
20/2/2021,13120.44384,47270.27857,0,0,0,0,60390.72241,4799609.278,0.012426075,0.001444265,, -   ,540000
21/2/2021,12246.22784,55163.62143,0,0,0,0,67409.84927,4792590.151,0.013870339,0.001444265,, -   ,540000
22/2/2021,11389.52117,63056.96429,0,0,0,0,74446.48546,4785553.515,0.015318207,0.001447868,, -   ,540000
23/2/2021,10532.81451,70950.30714,0,0,0,0,81483.12165,4778516.878,0.016766074,0.001447868,, -   ,540000
24/2/2021,9676.10784,78843.65,0,0,0,0,88519.75784,4771480.242,0.018213942,0.001447868,, -   ,540000
25/2/2021,8819.401173,78348.65,0,0,0,0,87168.05117,4772831.949,0.017935813,-0.000278129,, -   ,540000
26/2/2021,7962.694507,77853.65,0,0,0,0,85816.34451,4774183.655,0.017657684,-0.000278129,, -   ,540000
27/2/2021,7105.98784,77358.65,0,0,0,0,84464.63784,4775535.362,0.017379555,-0.000278129,, -   ,540000
28/2/2021,6249.281173,76863.65,0,0,0,0,83112.93117,4776887.069,0.017101426,-0.000278129,, -   ,540000
1/3/2021,12658.66019,102038.5502,0,2980.2136,0,0,117677.424,4742322.576,0.024213462,0.007112036,, -   ,540000
2/3/2021,13600.56852,108955.4679,0,2961.541147,0,0,125517.5776,4734482.422,0.025826662,0.0016132,, -   ,540000
3/3/2021,12958.50127,115872.3857,0,2859.51176,0,0,131690.3987,4728309.601,0.02709679,0.001270128,, -   ,540000
4/3/2021,16153.42932,124813.9033,0,2979.600773,0,0,143946.9334,4716053.067,0.029618711,0.002521921,, -   ,540000
5/3/2021,15418.66265,132315.4033,0,2870.16744,0,0,150604.2334,4709395.767,0.030988525,0.001369815,, -   ,540000
6/3/2021,15574.99599,139816.9033,0,2807.634107,0,0,158199.5334,4701800.467,0.032551344,0.001562819,, -   ,540000
7/3/2021,19025.27265,147845.9176,0,2921.75744,0,0,169792.9477,4690207.052,0.034936821,0.002385476,, -   ,540000
8/3/2021,20515.71713,148096.6607,0,2931.012373,0,0,171543.3902,4688456.61,0.035296994,0.000360173,, -   ,540000
9/3/2021,19550.85907,148029.6094,0,2808.253187,0,0,170388.7217,4689611.278,0.035059408,-0.000237586,, -   ,540000
10/3/2021,18586.001,147962.5581,0,2685.494,0,0,169234.0531,4690765.947,0.034821822,-0.000237586,, -   ,540000
11/3/2021,17621.14293,147276.3826,0,2562.734813,0,0,167460.2604,4692539.74,0.034456844,-0.000364978,, -   ,540000
12/3/2021,16656.28487,146590.2071,0,2439.975627,0,0,165686.4676,4694313.532,0.034091866,-0.000364978,, -   ,540000
13/3/2021,35024.45725,145904.0316,0,3324.44084,0,0,184252.9297,4675747.07,0.037912125,0.00382026,, -   ,540000
14/3/2021,33617.45725,145056.5418,0,3168.107507,0,0,181842.1066,4678157.893,0.037416071,-0.000496054,, -   ,540000
15/3/2021,35836.57765,150527.8749,0,8625.704173,0,0,194990.1567,4665009.843,0.040121431,0.00270536,, -   ,540000
16/3/2021,38529.70697,151407.6979,0,8751.23984,0,0,198688.6448,4661311.355,0.040882437,0.000761006,, -   ,540000
17/3/2021,36861.13629,152287.521,0,8392.142173,0,0,197540.7995,4662459.201,0.040646255,-0.000236182,, -   ,540000
18/3/2021,35192.56561,153167.3441,0,8033.044507,0,0,196392.9542,4663607.046,0.040410073,-0.000236182,, -   ,540000
19/3/2021,33523.99493,154047.1672,0,7673.94684,0,0,195245.1089,4664754.891,0.040173891,-0.000236182,, -   ,540000
20/3/2021,31855.42425,154926.9902,0,7314.849173,0,0,194097.2637,4665902.736,0.039937709,-0.000236182,, -   ,540000
21/3/2021,33611.11637,155806.8133,0,38186.46151,0,0,227604.3912,4632395.609,0.046832179,0.006894471,, -   ,540000
22/3/2021,30540.21068,169863.2906,0,37467.89097,0,0,237871.3923,4622128.608,0.048944731,0.002112552,, -   ,540000
23/3/2021,32231.4622,175620.0645,0,37578.11848,0,0,245429.6452,4614570.355,0.050499927,0.001555196,, -   ,540000
24/3/2021,30647.52413,179615.462,0,36104.17655,0,0,246367.1627,4613632.837,0.050692832,0.000192905,, -   ,540000
25/3/2021,29063.58607,183610.8595,0,34630.23461,0,0,247304.6802,4612695.32,0.050885737,0.000192905,, -   ,540000
26/3/2021,27479.648,187606.2571,0,33156.29268,0,0,248242.1977,4611757.802,0.051078642,0.000192905,, -   ,540000
27/3/2021,25895.70993,191601.6546,0,31682.35075,0,0,249179.7153,4610820.285,0.051271546,0.000192905,, -   ,540000
28/3/2021,38626.21467,195597.0521,0,36198.10161,0,0,270421.3684,4589578.632,0.055642257,0.004370711,, -   ,540000
29/3/2021,40361.58345,211272.4575,0,34704.33661,1008.003086,0,287346.3807,4572653.619,0.05912477,0.003482513,, -   ,540000
30/3/2021,38469.22473,214587.7007,0,33046.66549,1311.380571,0,287414.9715,4572585.029,0.059138883,1.41E-05,, -   ,540000
31/3/2021,36576.86601,217902.9438,0,31388.99437,1614.758057,0,287483.5622,4572516.438,0.059152996,1.41E-05,, -   ,540000
1/4/2021,34684.50729,221218.1869,0,29807.17619,1918.135543,0,287628.0059,4572371.994,0.059182717,2.97E-05,, -   ,540000
2/4/2021,32792.14857,224533.43,0,28228.04693,2221.513029,0,287775.1386,4572224.861,0.059212991,3.03E-05,, -   ,540000
3/4/2021,41772.09157,248580.2484,0,31365.43181,6226.806,0,327944.5777,4532055.422,0.067478308,0.008265317,, -   ,540000
4/4/2021,39868.51437,257881.5191,0,29637.94848,7644.344571,0,335032.3265,4524967.674,0.068936693,0.001458385,, -   ,540000
5/4/2021,37964.93717,262194.2262,0,27910.46515,8750.242457,0,336819.8709,4523180.129,0.0693045,0.000367807,, -   ,540000
6/4/2021,43979.50573,283947.3468,0,30468.00969,10323.375,0,368718.2372,4491281.763,0.07586795,0.00656345,, -   ,540000
7/4/2021,42116.23127,293295.7926,0,28609.31267,11569.89594,0,375591.2325,4484408.767,0.077282147,0.001414197,, -   ,540000
8/4/2021,40252.9568,302644.2385,0,26750.61564,12816.41689,0,382464.2278,4477535.772,0.078696343,0.001414197,, -   ,540000
9/4/2021,38389.68233,311992.6843,0,24891.91861,14062.93783,0,389337.2231,4470662.777,0.08011054,0.001414197,, -   ,540000
10/4/2021,36526.40787,315001.3981,0,23033.22159,14164.95089,0,388725.9784,4471274.022,0.079984769,-0.000125771,, -   ,540000
11/4/2021,34663.1334,318010.1118,0,21174.52456,14266.96394,0,388114.7337,4471885.266,0.079858999,-0.000125771,, -   ,540000
12/4/2021,32799.85893,321018.8256,0,19315.82753,14368.977,0,387503.4891,4472496.511,0.079733228,-0.000125771,, -   ,540000
13/4/2021,30936.58447,318694.2471,0,17490.70465,14326.5368,0,381448.073,4478551.927,0.078487258,-0.00124597,, -   ,540000
14/4/2021,29073.31,316369.6686,0,15665.58177,14284.0966,0,375392.657,4484607.343,0.077241287,-0.00124597,, -   ,540000
15/4/2021,27210.03553,314045.0901,0,14027.58989,14241.6564,0,369524.3719,4490475.628,0.076033821,-0.001207466,, -   ,540000
16/4/2021,25346.76107,311720.5116,0,12405.23135,14199.2162,0,363671.7202,4496328.28,0.074829572,-0.001204249,, -   ,540000
17/4/2021,23483.4866,309395.9331,0,10782.8728,14156.776,0,357819.0685,4502180.932,0.073625323,-0.001204249,, -   ,540000
18/4/2021,48009.14748,336006.3044,0,19289.53852,68914.9764,0,472219.9668,4387780.033,0.097164602,0.023539279,, -   ,540000
19/4/2021,45785.23077,342036.393,0,18301.16792,85365.8196,0,491488.6113,4368511.389,0.101129344,0.003964742,, -   ,540000
20/4/2021,43561.31407,348066.4815,0,17312.79732,101816.6628,0,510757.2557,4349242.744,0.105094086,0.003964742,, -   ,540000
21/4/2021,41419.10341,354096.5701,0,16324.42672,118267.506,0,530107.6062,4329892.394,0.109075639,0.003981554,, -   ,540000
22/4/2021,39468.43236,360126.6586,0,15433.25168,134718.3492,0,549746.6919,4310253.308,0.113116603,0.004040964,, -   ,540000
23/4/2021,37319.83705,366156.7472,0,14516.21911,151169.1924,0,569161.9957,4290838.004,0.117111522,0.003994918,, -   ,540000
24/4/2021,35171.24175,372186.8357,0,13599.18653,167620.0356,0,588577.2996,4271422.7,0.12110644,0.003994918,, -   ,540000
25/4/2021,33022.64644,369368.5937,0,12682.15396,167128.362,0,582201.7561,4277798.244,0.1197946,-0.00131184,, -   ,540000
26/4/2021,45031.47273,366550.3517,0,17270.80619,166636.6884,0,595489.319,4264510.681,0.122528666,0.002734066,, -   ,540000
27/4/2021,42410.96337,363732.1097,0,16170.25079,166145.0148,0,588458.3387,4271541.661,0.121081963,-0.001446704,, -   ,540000
28/4/2021,39790.45401,360913.8677,0,15269.35181,165653.3412,0,581627.0147,4278372.985,0.11967634,-0.001405622,, -   ,540000
29/4/2021,37387.97963,358095.6257,0,14376.01312,165161.6676,0,575021.286,4284978.714,0.118317137,-0.001359203,, -   ,540000
30/4/2021,34985.50524,355277.3837,0,13482.67443,164669.994,0,568415.5574,4291584.443,0.116957934,-0.001359203,, -   ,540000
1/5/2021,32583.03085,352459.1417,0,12589.33573,164178.3204,0,561809.8287,4298190.171,0.11559873,-0.001359203,, -   ,540000
2/5/2021,30180.55647,349640.8997,0,11695.99704,163686.6468,0,555204.1,4304795.9,0.114239527,-0.001359203,, -   ,540000
3/5/2021,54091.34584,369625.7815,0,21464.52915,171474.5001,0,616656.1566,4243343.843,0.126883983,0.012644456,, -   ,540000
4/5/2021,51652.52083,373391.7053,0,20373.11612,173474.7059,0,618892.0481,4241107.952,0.127344043,0.00046006,, -   ,540000
5/5/2021,49213.69581,377157.6291,0,19281.70309,175474.9116,0,621127.9396,4238872.06,0.127804103,0.00046006,, -   ,540000
6/5/2021,46774.8708,380923.5528,0,18190.29007,177475.1174,0,623363.8311,4236636.169,0.128264163,0.00046006,, -   ,540000
7/5/2021,44336.04579,389961.7182,0,17241.85325,181389.6165,0,632929.2337,4227070.766,0.130232353,0.00196819,, -   ,540000
8/5/2021,41897.22077,395249.9471,0,16293.41644,183965.9649,0,637406.5491,4222593.451,0.131153611,0.000921258,, -   ,540000
9/5/2021,39458.39576,400538.176,0,15344.97963,186542.3132,0,641883.8646,4218116.135,0.132074869,0.000921258,, -   ,540000
10/5/2021,52871.89581,463107.3329,0,23817.62721,199130.2328,0,738927.0888,4121072.911,0.152042611,0.019967742,, -   ,540000
11/5/2021,50672.20452,479975.0663,0,22555.15425,202930.4057,0,756132.8307,4103867.169,0.155582887,0.003540276,, -   ,540000
12/5/2021,48472.51323,496842.7997,0,21292.68129,206730.5785,0,773338.5727,4086661.427,0.159123163,0.003540276,, -   ,540000
13/5/2021,52606.51685,515519.6433,0,22515.53313,212810.5666,0,803452.2598,4056547.74,0.165319395,0.006196232,, -   ,540000
14/5/2021,50200.17165,531297.4828,0,21170.21601,216705.0575,0,819372.928,4040627.072,0.168595253,0.003275858,, -   ,540000
15/5/2021,47793.82645,547075.3224,0,19824.89889,220599.5484,0,835293.5962,4024706.404,0.17187111,0.003275858,, -   ,540000
16/5/2021,45387.48125,562853.162,0,18479.58177,224494.0393,0,851214.2643,4008785.736,0.175146968,0.003275858,, -   ,540000
17/5/2021,47719.38677,578886.7309,0,20221.73543,241966.9755,0,888794.8285,3971205.171,0.182879594,0.007732626,, -   ,540000
18/5/2021,45485.43972,580762.8781,0,19166.89189,247231.2788,0,892646.4885,3967353.511,0.183672117,0.000792523,, -   ,540000
19/5/2021,43251.49267,582639.0254,0,18112.12965,252495.5821,0,896498.2298,3963501.77,0.184464656,0.000792539,, -   ,540000
20/5/2021,41017.54561,583961.9454,0,17057.36741,257055.0431,0,899091.9015,3960908.098,0.184998334,0.000533677,, -   ,540000
21/5/2021,38783.59856,585284.8653,0,16002.60517,261614.5041,0,901685.5732,3958314.427,0.185532011,0.000533677,, -   ,540000
22/5/2021,36549.65151,586607.7853,0,14947.84293,266173.9652,0,904279.2449,3955720.755,0.186065688,0.000533677,, -   ,540000
23/5/2021,34315.70445,587930.7052,0,13895.56327,270733.4262,0,906875.3991,3953124.601,0.186599876,0.000534188,, -   ,540000
24/5/2021,43567.45484,621712.7496,0,20141.38635,277872.7603,0,963294.351,3896705.649,0.198208714,0.011608838,, -   ,540000
25/5/2021,41590.36345,628078.5547,0,19017.12456,279434.1836,0,968120.2263,3891879.774,0.199201693,0.000992978,, -   ,540000
26/5/2021,39613.27207,634444.3599,0,17892.86277,280995.6069,0,972946.1016,3887053.898,0.200194671,0.000992978,, -   ,540000
27/5/2021,37636.18068,640810.1651,0,16768.60099,282557.0301,0,977771.9769,3882228.023,0.20118765,0.000992978,, -   ,540000
28/5/2021,35659.08929,647175.9703,0,15644.3392,284118.4534,0,982597.8522,3877402.148,0.202180628,0.000992978,, -   ,540000
29/5/2021,33681.99791,653541.7754,0,14520.07741,285679.8767,0,987423.7275,3872576.273,0.203173606,0.000992978,, -   ,540000
30/5/2021,31704.90652,659907.5806,0,13395.81563,287241.3,0,992249.6027,3867750.397,0.204166585,0.000992978,, -   ,540000
31/5/2021,47248.51077,679167.5918,0,20426.57587,301498.9879,0,1048341.666,3811658.334,0.215708162,0.011541577,, -   ,540000
1/6/2021,45097.01392,680872.5577,0,19360.24496,305157.0882,0,1050486.905,3809513.095,0.216149569,0.000441407,, -   ,540000
2/6/2021,42945.51707,682577.5237,0,18293.91405,308815.1885,0,1052632.143,3807367.857,0.216590976,0.000441407,, -   ,540000
3/6/2021,40794.02021,684282.4896,0,17229.65925,312473.2887,0,1054779.458,3805220.542,0.21703281,0.000441834,, -   ,540000
4/6/2021,38642.52336,685987.4556,0,16165.40445,316131.389,0,1056926.772,3803073.228,0.217474645,0.000441834,, -   ,540000
5/6/2021,36491.02651,687692.4215,0,15101.14965,319789.4893,0,1059074.087,3800925.913,0.217916479,0.000441834,, -   ,540000
6/6/2021,34339.52965,689397.3875,0,14036.89485,323447.5896,0,1061221.402,3798778.598,0.218358313,0.000441834,, -   ,540000
7/6/2021,58562.16651,704668.4593,0,24146.95901,333610.42,0,1120988.005,3739011.995,0.230655968,0.012297655,, -   ,540000
8/6/2021,55908.74585,704922.1511,0,22953.64167,335949.2048,0,1119733.743,3740266.257,0.23039789,-0.000258078,, -   ,540000
9/6/2021,53255.3252,705175.8429,0,21760.32432,338287.9896,0,1118479.482,3741520.518,0.230139811,-0.000258078,, -   ,540000
10/6/2021,50824.25432,705429.5346,0,20620.2416,340626.7744,0,1117500.805,3742499.195,0.229938437,-0.000201374,, -   ,540000
11/6/2021,48393.18344,705683.2264,0,19480.15888,342965.5592,0,1116522.128,3743477.872,0.229737063,-0.000201374,, -   ,540000
12/6/2021,45962.11256,705936.9182,0,18340.07616,345304.344,0,1115543.451,3744456.549,0.229535689,-0.000201374,, -   ,540000
13/6/2021,43543.01681,706190.61,0,17282.8376,347643.1288,0,1114659.593,3745340.407,0.229353826,-0.000181864,, -   ,540000
14/6/2021,41123.92107,699987.6975,0,16225.59904,346521.5072,0,1103858.725,3756141.275,0.227131425,-0.002222401,, -   ,540000
15/6/2021,61514.24636,713556.2842,0,25380.57284,352840.7518,0,1153291.855,3706708.145,0.237302851,0.010171426,, -   ,540000
16/6/2021,58678.59107,713062.1873,0,24095.52535,353958.5989,0,1149794.903,3710205.097,0.236583313,-0.000719538,, -   ,540000
17/6/2021,55842.93577,712568.0904,0,22810.47785,355076.4459,0,1146297.95,3713702.05,0.235863776,-0.000719538,, -   ,540000
18/6/2021,53007.28048,712073.9934,0,21525.43036,356194.2929,0,1142800.997,3717199.003,0.235144238,-0.000719538,, -   ,540000
19/6/2021,50171.62519,711579.8965,0,20240.38287,357312.1399,0,1139304.045,3720695.955,0.234424701,-0.000719538,, -   ,540000
20/6/2021,47335.96989,711085.7996,0,18955.33537,358429.987,0,1135807.092,3724192.908,0.233705163,-0.000719538,, -   ,540000
21/6/2021,44500.3146,710591.7027,0,17670.28788,359547.834,0,1132310.139,3727689.861,0.232985625,-0.000719538,, -   ,540000
22/6/2021,75857.47325,716854.7649,0,30514.62204,363183.5558,0,1186410.416,3673589.584,0.24411737,0.011131744,, -   ,540000
23/6/2021,72104.66032,714011.348,0,28867.12509,363451.1073,0,1178434.241,3681565.759,0.242476181,-0.001641188,, -   ,540000
24/6/2021,68540.11024,711167.931,0,27362.86075,363718.6587,0,1170789.561,3689210.439,0.240903202,-0.001572979,, -   ,540000
25/6/2021,64975.56016,708324.514,0,25858.5964,363986.2101,0,1163144.881,3696855.119,0.239330222,-0.001572979,, -   ,540000
26/6/2021,61411.01008,705481.097,0,24354.33205,364253.7615,0,1155500.201,3704499.799,0.237757243,-0.001572979,, -   ,540000
27/6/2021,57846.46,702637.6801,0,22850.06771,364521.313,0,1147855.521,3712144.479,0.236184264,-0.001572979,, -   ,540000
28/6/2021,93298.78908,706871.6585,0,36982.1508,367452.1825,0,1204604.781,3655395.219,0.247861066,0.011676802,, -   ,540000
29/6/2021,88551.13335,702156.5071,0,35014.59575,367031.6405,0,1192753.877,3667246.123,0.245422608,-0.002438458,, -   ,540000
30/6/2021,83803.47761,697441.3557,0,33047.04069,366611.0986,0,1180902.973,3679097.027,0.242984151,-0.002438458,, -   ,540000
1/7/2021,99581.10661,698685.797,0,39447.15227,368433.3367,0,1206147.393,3653852.607,0.248178476,0.005194325,, -   ,540000
2/7/2021,102822.6283,698871.0086,0,40734.16331,369884.4697,0,1212312.27,3647687.73,0.249446969,0.001268493,, -   ,540000
3/7/2021,105736.7504,699700.5147,0,41825.13235,371592.708,0,1218855.105,3641144.895,0.250793232,0.001346262,, -   ,540000
4/7/2021,108170.0599,701402.2774,0,42676.41112,373642.4349,0,1225891.183,3634108.817,0.252240984,0.001447753,, -   ,540000
5/7/2021,110970.8341,701871.2057,0,43564.73464,375232.7435,0,1231639.518,3628360.482,0.253423769,0.001182785,, -   ,540000
6/7/2021,112644.3575,703187.3458,0,44233.25975,377155.8877,0,1237220.851,3622779.149,0.254572191,0.001148422,, -   ,540000
7/7/2021,106787.2291,702372.1623,0,41749.36071,378290.7366,0,1229199.489,3630800.511,0.252921705,-0.001650486,, -   ,540000
8/7/2021,115440.9669,706946.1784,0,45552.47545,381446.5019,0,1249386.123,3610613.877,0.257075334,0.004153628,, -   ,540000
9/7/2021,115925.938,710664.9068,0,45937.29308,384309.0515,0,1256837.189,3603162.811,0.258608475,0.001533141,, -   ,540000
10/7/2021,110028.0003,709763.4839,0,43501.157,385453.5069,0,1248746.148,3611253.852,0.256943652,-0.001664823,, -   ,540000
11/7/2021,104130.0627,707963.2984,0,41065.02092,386256.0371,0,1239414.419,3620585.581,0.255023543,-0.001920109,, -   ,540000
12/7/2021,114113.4406,724387.2651,0,45334.64684,393913.0585,0,1277748.411,3582251.589,0.262911196,0.007887653,, -   ,540000
13/7/2021,109902.3083,736557.4721,0,44050.80624,400053.5656,0,1290564.152,3569435.848,0.265548179,0.002636984,, -   ,540000
14/7/2021,103993.9589,741414.6909,0,41429.43392,403489.256,0,1290327.34,3569672.66,0.265499453,-4.87E-05,, -   ,540000
15/7/2021,100070.7926,768137.059,0,41133.3636,415144.3825,0,1324485.598,3535514.402,0.272527901,0.007028448,, -   ,540000
16/7/2021,95779.99919,788366.7011,0,39824.90363,424460.2959,0,1348431.9,3511568.1,0.277455123,0.004927223,, -   ,540000
17/7/2021,92380.02433,812758.8502,0,38299.03401,435398.9219,0,1378836.831,3481163.169,0.283711282,0.006256159,, -   ,540000
18/7/2021,89375.87923,841734.0345,0,36656.102,448121.567,0,1415887.583,3444112.417,0.291334894,0.007623612,, -   ,540000
19/7/2021,83800.61984,863762.5309,0,34731.2322,458260.3396,0,1440554.723,3419445.277,0.296410437,0.005075543,, -   ,540000
20/7/2021,78637.86159,876542.0523,0,32171.67408,464943.6675,0,1452295.255,3407704.745,0.298826184,0.002415748,, -   ,540000
21/7/2021,73470.68848,889289.119,0,29607.69485,471614.989,0,1463982.491,3396017.509,0.301230965,0.002404781,, -   ,540000
22/7/2021,68871.58693,914856.265,0,28939.22603,483080.6043,0,1495747.682,3364252.318,0.307767013,0.006536048,, -   ,540000
23/7/2021,63566.30896,934997.536,0,27654.03471,492581.2807,0,1518799.16,3341200.84,0.312510115,0.004743102,, -   ,540000
24/7/2021,58301.69641,953264.1442,0,26142.00372,501418.8048,0,1539126.649,3320873.351,0.316692726,0.004182611,, -   ,540000
25/7/2021,53492.92685,968955.7506,0,24574.81833,509320.687,0,1556344.183,3303655.817,0.320235429,0.003542702,, -   ,540000
26/7/2021,48762.46779,985275.239,0,22818.95112,517491.7128,0,1574348.371,3285651.629,0.323939994,0.003704565,, -   ,540000
27/7/2021,44920.62615,1001486.358,0,21270.14428,525667.848,0,1593344.977,3266655.023,0.327848761,0.003908767,, -   ,540000
28/7/2021,40962.80393,1012690.996,0,19150.58945,531992.3712,0,1604796.761,3255203.239,0.330205095,0.002356334,, -   ,540000
29/7/2021,36989.79237,1037530.365,0,18251.74157,543422.5511,0,1636194.45,3223805.55,0.336665525,0.00646043,, -   ,540000
30/7/2021,33230.70109,1057052.686,0,16914.38495,552926.6495,0,1660124.422,3199875.578,0.341589387,0.004923862,, -   ,540000
31/7/2021,31438.10805,1076620.648,0,15601.98537,562492.4699,0,1686153.211,3173846.789,0.346945105,0.005355718,, -   ,540000
1/8/2021,30334.85747,1095305.951,0,14378.39564,571770.9453,0,1711790.149,3148209.851,0.352220195,0.00527509,, -   ,540000
2/8/2021,27164.96151,1114326.77,0,13364.81785,581212.9756,0,1736069.525,3123930.475,0.357215952,0.004995756,, -   ,540000
3/8/2021,24530.45093,1133963.573,0,12479.08321,590929.2659,0,1761902.373,3098097.627,0.362531352,0.005315401,, -   ,540000
4/8/2021,22756.98059,1157379.943,0,11788.47133,601968.4159,0,1793893.811,3066106.189,0.369113953,0.0065826,, -   ,540000
5/8/2021,21473.95917,1167001.494,0,10724.79809,607814.0774,0,1807014.329,3052985.671,0.371813648,0.002699695,, -   ,540000
6/8/2021,19630.41397,1197077.204,0,10099.75241,621341.463,0,1848148.834,3011851.166,0.380277538,0.00846389,, -   ,540000
7/8/2021,18916.38961,1218156.674,0,9642.558707,631579.1342,0,1878294.756,2981705.244,0.386480403,0.006202865,, -   ,540000
8/8/2021,17912.6108,1227308.374,0,8829.519067,637370.098,0,1891420.602,2968579.398,0.389181194,0.002700791,, -   ,540000
9/8/2021,17732.41475,1250386.456,0,8450.785933,648387.7819,0,1924957.439,2935042.561,0.396081778,0.006900584,, -   ,540000
10/8/2021,16793.08904,1257872.953,0,7765.089173,653604.1444,0,1936035.276,2923964.724,0.398361168,0.00227939,, -   ,540000
11/8/2021,28342.58299,1280346.837,0,11885.61061,664446.8703,0,1985021.901,2874978.099,0.40844072,0.010079553,, -   ,540000
12/8/2021,25547.35549,1304992.046,0,11015.22165,676191.2499,0,2017745.873,2842254.127,0.415174048,0.006733327,, -   ,540000
13/8/2021,24376.31252,1311374.669,0,10376.88139,681101.9422,0,2027229.805,2832770.195,0.417125474,0.001951426,, -   ,540000
14/8/2021,22092.83907,1332743.328,0,9636.780627,691637.0973,0,2056110.045,2803889.955,0.42306791,0.005942436,, -   ,540000
15/8/2021,21051.89044,1341190.733,0,9067.81484,697256.3819,0,2068566.821,2791433.179,0.425631033,0.002563123,, -   ,540000
16/8/2021,20037.04323,1344555.667,0,8518.453253,700915.6334,0,2074026.797,2785973.203,0.426754485,0.001123452,, -   ,540000
17/8/2021,18946.66825,1347963.478,0,7941.03296,704591.4978,0,2079442.677,2780557.323,0.427868863,0.001114378,, -   ,540000
18/8/2021,17889.09827,1345684.73,0,7394.260253,706093.8184,0,2077061.907,2782938.093,0.427378993,-0.00048987,, -   ,540000
19/8/2021,15685.68624,1344429.214,0,6766.369307,707959.9061,0,2074841.176,2785158.824,0.426922053,-0.000456941,, -   ,540000
20/8/2021,14165.66349,1342734.369,0,6234.911013,709686.6838,0,2072821.628,2787178.372,0.426506508,-0.000415545,, -   ,540000
21/8/2021,13925.99199,1335490.592,0,6145.38204,709315.2767,0,2064877.242,2795122.758,0.424871861,-0.001634647,, -   ,540000
22/8/2021,13254.12135,1327471.556,0,5841.0198,708661.4859,0,2055228.183,2804771.817,0.422886457,-0.001985403,, -   ,540000
23/8/2021,12692.74085,1321054.561,0,5601.273253,708615.4607,0,2047964.035,2812035.965,0.421391777,-0.001494681,, -   ,540000
24/8/2021,12133.19259,1314685.516,0,5374.127173,708598.4838,0,2040791.319,2819208.681,0.419915909,-0.001475868,, -   ,540000
25/8/2021,11428.9672,1307004.209,0,4984.825907,708096.1858,0,2031514.188,2828485.812,0.418007034,-0.001908875,, -   ,540000
26/8/2021,11628.24843,1298745.472,0,4952.765067,710515.3497,0,2025841.836,2834158.164,0.416839884,-0.001167151,, -   ,540000
27/8/2021,11166.66488,1291020.221,0,4863.836413,710946.3969,0,2017997.119,2842002.881,0.415225745,-0.001614139,, -   ,540000
28/8/2021,10709.37112,1282894.81,0,4728.407973,711236.5689,0,2009569.158,2850430.842,0.413491596,-0.001734148,, -   ,540000
29/8/2021,10406.79733,1274303.534,0,4500.442707,711324.3189,0,2000535.093,2859464.907,0.411632735,-0.001858861,, -   ,540000
30/8/2021,9917.317667,1265761.6,0,4345.028613,711429.9636,0,1991453.909,2868546.091,0.409764179,-0.001868556,, -   ,540000
31/8/2021,9636.43044,1256153.636,0,4176.319933,712734.2011,0,1982700.588,2877299.412,0.407963084,-0.001801095,, -   ,540000
1/9/2021,8992.81236,1246023.02,0,3851.50304,712727.6775,0,1971595.013,2888404.987,0.405677986,-0.002285098,, -   ,540000
2/9/2021,8720.09824,1238607.638,0,3884.545653,712786.6833,0,1963998.965,2896001.035,0.404115013,-0.001562973,, -   ,540000
3/9/2021,8362.432587,1230685.437,0,3769.87828,712664.4428,0,1955482.191,2904517.809,0.402362591,-0.001752423,, -   ,540000
4/9/2021,7970.154733,1222873.015,0,3634.99388,712594.3678,0,1947072.531,2912927.469,0.400632208,-0.001730383,, -   ,540000
5/9/2021,7550.76868,1214672.393,0,3449.394947,712302.9521,0,1937975.508,2922024.492,0.398760393,-0.001871815,, -   ,540000
6/9/2021,7393.341013,1206162.543,0,3306.518787,711870.8869,0,1928733.29,2931266.71,0.396858702,-0.001901691,, -   ,540000
7/9/2021,7292.937493,1197660.564,0,3177.481253,710951.2472,0,1919082.229,2940917.771,0.394872887,-0.001985815,, -   ,540000
8/9/2021,7276.878933,1189365.664,0,3060.124947,710116.0264,0,1909818.694,2950181.306,0.392966809,-0.001906077,, -   ,540000
9/9/2021,7302.19868,1180264.727,0,2959.52132,708973.3425,0,1899499.789,2960500.211,0.390843578,-0.002123231,, -   ,540000
10/9/2021,7372.467387,1171834.696,0,2877.733973,708088.1891,0,1890173.086,2969826.914,0.388924503,-0.001919075,, -   ,540000
11/9/2021,7068.424067,1162813.527,0,2877.921573,706983.4341,0,1879743.307,2980256.693,0.386778458,-0.002146045,, -   ,540000
12/9/2021,6822.968227,1153373.889,0,2810.166707,705634.0773,0,1868641.101,2991358.899,0.384494054,-0.002284405,, -   ,540000
13/9/2021,6657.49252,1143589.259,0,2781.632747,704139.6751,0,1857168.059,3002831.941,0.382133346,-0.002360708,, -   ,540000
14/9/2021,6522.339227,1133684.426,997.1106996,2763.57312,702600.7773,0,1846568.226,3013431.774,0.37995231,-0.002181036,,997.11,540000
15/9/2021,6179.437693,1122958.312,2991.332099,2598.566413,700750.2982,0,1835477.946,3024522.054,0.377670359,-0.002281951,,"2,991.33",540000
16/9/2021,6468.71064,1113141.175,5982.664197,2776.21736,699246.3645,0,1827615.131,3032384.869,0.376052496,-0.001617863,,"5,982.66",540000
17/9/2021,6397.829107,1103326.882,9971.106996,2800.936787,697631.7439,0,1820128.499,3039871.501,0.374512037,-0.001540459,,"9,971.11",540000
18/9/2021,6214.1562,1093196.782,14956.66049,2736.9902,695878.9043,0,1812983.493,3047016.507,0.373041871,-0.001470166,,"14,956.66",540000
19/9/2021,5970.61388,1082566.316,20939.32469,2619.877773,693938.0641,0,1806034.196,3053965.804,0.371611975,-0.001429896,,"20,939.32",540000
20/9/2021,5886.969293,1072343.458,27919.09959,2579.7814,692058.2437,0,1800787.552,3059212.448,0.370532418,-0.001079556,,"27,919.10",540000
21/9/2021,5860.936667,1062197.355,35895.98518,2569.926147,690192.4005,0,1796716.603,3063283.397,0.369694774,-0.000837644,,"35,895.99",540000
22/9/2021,5548.882827,1051518.092,44869.98148,2400.648413,688126.388,0,1792463.993,3067536.007,0.368819752,-0.000875023,,"44,869.98",540000
23/9/2021,5689.395227,1041456.57,54841.08848,2471.01092,686294.9131,0,1790752.977,3069247.023,0.368467691,-0.000352061,,"54,841.09",540000
24/9/2021,5596.9522,1031322.116,65809.30617,2449.930933,684438.9368,0,1789617.242,3070382.758,0.368234001,-0.00023369,,"65,809.31",540000
25/9/2021,5381.64368,1021000.323,77774.63457,2368.512533,682514.4859,0,1789039.599,3070960.401,0.368115144,-0.000118857,,"77,774.63",540000
26/9/2021,5184.807507,1010306.038,89681.09846,2268.38416,680450.7205,0,1787891.048,3072108.952,0.367878817,-0.000236327,,"89,681.10",540000
27/9/2021,4785.269533,1000114.732,101528.6979,2124.182293,678579.7542,0,1787132.636,3072867.364,0.367722765,-0.000156052,,"101,528.70",540000
28/9/2021,4496.803267,989338.9462,113317.1278,1989.7794,676489.3774,0,1785632.034,3074367.966,0.367413999,-0.000308766,,"113,317.13",540000
29/9/2021,4247.15144,978332.4118,125537.3593,1849.148187,674312.1417,0,1784278.212,3075721.788,0.367135435,-0.000278564,,"125,537.36",540000
30/9/2021,3905.656907,967978.1882,138311.5061,1732.117053,672382.7653,0,1784310.234,3075689.766,0.367142023,6.59E-06,,"138,311.51",540000
1/10/2021,3550.361267,957361.5016,151645.2089,1600.052907,670356.3449,0,1784513.47,3075486.53,0.367183841,4.18E-05,,"151,645.21",540000
2/10/2021,3333.739547,946504.7169,165580.392,1480.889387,668081.0993,0,1784980.837,3075019.163,0.367280008,9.62E-05,,"165,580.39",540000
3/10/2021,2891.72268,939051.2641,179935.9427,1353.709093,667077.1192,0,1790309.758,3069690.242,0.368376493,0.001096486,,"179,935.94",540000
4/10/2021,2629.04516,929773.144,194918.052,1238.322587,668733.1973,0,1797291.761,3062708.239,0.36981312,0.001436626,,"194,918.05",540000
5/10/2021,2381.18804,920234.1134,208844.1861,1137.199933,667959.2353,0,1800555.923,3059444.077,0.370484758,0.000671638,,"208,844.19",540000
6/10/2021,2229.807347,910328.1373,222993.7963,1039.916827,665815.7855,260.2351447,1802667.678,3057332.322,0.370919275,0.000434518,,"223,254.03",540000
7/10/2021,2112.082093,901121.0895,238390.9774,1022.28868,665070.9301,543.7954079,1808261.163,3051738.837,0.372070198,0.001150923,,"238,934.77",540000
8/10/2021,2133.887467,891704.2511,254286.8862,1039.92308,664286.6762,843.0582018,1814294.682,3045705.318,0.373311663,0.001241465,,"255,129.94",540000
9/10/2021,2201.955,882362.0313,270552.5486,1071.152227,663541.8405,1156.651461,1820886.179,3039113.821,0.374667938,0.001356275,,"271,709.20",540000
10/10/2021,2303.03388,871880.2403,287803.5067,1098.22916,662331.3642,1490.901932,1826907.276,3033092.724,0.375906847,0.001238909,,"289,294.41",540000
11/10/2021,2487.044467,861345.0645,305494.5741,1168.435333,660071.1573,1845.504713,1832411.78,3027588.22,0.377039461,0.001132614,,"307,340.08",540000
12/10/2021,2617.970507,850725.2507,322804.602,1212.940307,656119.3033,2588.935693,1836069.003,3023930.997,0.377791976,0.000752515,,"325,393.54",540000
13/10/2021,2487.063227,839802.8381,339813.9807,1127.995027,653688.4593,3361.180055,1840281.516,3019718.484,0.378658748,0.000866772,,"343,175.16",540000
14/10/2021,2749.290507,829373.819,356461.9985,1247.846413,651450.2754,4161.856669,1845445.087,3014554.913,0.379721211,0.001062463,,"360,623.86",540000
15/10/2021,2618.489533,818161.0102,375420.3166,1163.676547,648655.8462,5041.579518,1851060.918,3008939.082,0.380876732,0.001155521,,"380,461.90",540000
16/10/2021,2487.68856,806762.0446,392596.7724,1079.50668,646174.9128,5921.302366,1855022.227,3004977.773,0.381691816,0.000815084,,"398,518.07",540000
17/10/2021,3002.212827,796882.3242,410634.2757,1330.521733,644068.4574,6818.633393,1862736.425,2997263.575,0.3832791,0.001587284,,"417,452.91",540000
18/10/2021,3140.0488,786419.9103,428047.8775,1359.580973,639659.1585,7925.543982,1866552.12,2993447.88,0.384064222,0.000785122,,"435,973.42",540000
19/10/2021,3105.561667,775583.9424,444345.4533,1313.043667,637460.9141,9048.68575,1870857.601,2989142.399,0.384950124,0.000885901,,"453,394.14",540000
20/10/2021,2972.697093,764701.6373,460096.331,1240.89896,635044.0844,10189.19473,1874244.843,2985755.157,0.385647087,0.000696964,,"470,285.53",540000
21/10/2021,3299.5088,753751.8311,474647.7036,1338.744867,629050.1385,12353.56217,1874441.489,2985558.511,0.385687549,4.05E-05,,"487,001.27",540000
22/10/2021,3358.515253,742752.302,487037.6409,1338.651067,627930.8479,14496.05291,1876914.01,2983085.99,0.386196298,0.000508749,,"501,533.69",540000
23/10/2021,3361.910813,731831.3949,497453.2424,1332.078813,608144.7786,20610.61599,1862734.022,2997265.978,0.383278605,-0.002917693,,"518,063.86",540000
24/10/2021,3331.844787,721392.0421,506466.7968,1312.43084,610526.3801,26313.39637,1869342.891,2990657.109,0.384638455,0.00135985,,"532,780.19",540000
25/10/2021,16745.78257,710985.1884,514124.9631,6524.534147,605928.6678,33008.99477,1887318.131,2972681.869,0.388337064,0.003698609,,"547,133.96",540000
26/10/2021,16283.07968,700605.261,520309.6394,6345.244827,601393.0093,40697.43369,1885633.668,2974366.332,0.387990467,-0.000346597,,"561,007.07",540000
27/10/2021,15665.4442,690215.9414,522393.2749,6102.671773,594981.4419,49671.55776,1879030.332,2980969.668,0.386631756,-0.001358711,,"572,064.83",540000
28/10/2021,15402.66663,680164.5751,524477.9775,6024.54888,587231.1626,60344.14683,1873645.077,2986354.923,0.385523678,-0.001108077,,"584,822.12",540000
29/10/2021,14895.68388,670114.9521,525651.1818,5844.678,578384.9512,72838.7907,1867730.238,2992269.762,0.384306633,-0.001217045,,"598,489.97",540000
30/10/2021,14355.28332,660239.2347,527805.8548,5659.08532,577187.1688,84928.61736,1870175.244,2989824.756,0.384809721,0.000503088,,"612,734.47",540000
31/10/2021,14063.32144,650884.8758,529328.3084,5576.735173,574245.499,97185.78256,1871284.522,2988715.478,0.385037968,0.000228247,,"626,514.09",540000
1/11/2021,18068.694,641889.1124,530840.9473,7173.14864,570621.9275,109723.2814,1878317.111,2981682.889,0.386485002,0.001447035,,"640,564.23",540000
2/11/2021,17356.23923,632925.8441,532830.1206,6918.100187,567305.1212,121380.8511,1878716.276,2981283.724,0.386567135,8.21E-05,,"654,210.97",540000
3/11/2021,16599.07312,623588.5013,535895.4509,6598.41728,563613.8897,133333.1099,1879628.442,2980371.558,0.386754824,0.000187688,,"669,228.56",540000
4/11/2021,16131.89909,614795.1052,540125.0392,6439.357493,559615.5851,141421.4055,1878528.392,2981471.608,0.386528476,-0.000226348,,"681,546.44",540000
5/11/2021,15521.47996,605608.8827,545512.8035,6179.500227,554195.2646,150192.6088,1877210.54,2982789.46,0.386257313,-0.000271163,,"695,705.41",540000
6/11/2021,14928.15744,596205.3372,552430.4995,5916.466267,551107.6503,158068.5737,1878656.684,2981343.316,0.386554873,0.000297561,,"710,499.07",540000
7/11/2021,14530.33913,587512.3728,560113.7225,5755.68056,548039.7216,165072.8766,1881024.713,2978975.287,0.387042122,0.000487249,,"725,186.60",540000
8/11/2021,18421.16939,578979.2538,568948.8616,7279.455307,544517.7254,170944.7248,1889091.19,2970908.81,0.388701891,0.001659769,,"739,893.59",540000
9/11/2021,17594.6288,570316.63,578586.9774,6957.93392,541468.012,175239.4276,1890163.61,2969836.39,0.388922553,0.000220662,,"753,826.41",540000
10/11/2021,16680.81044,561383.6747,589299.4744,6582.346213,537966.685,177880.8233,1889793.814,2970206.186,0.388846464,-7.61E-05,,"767,180.30",540000
11/11/2021,16074.975,552820.3462,599485.0406,6364.31124,534344.4116,180773.8847,1889862.969,2970137.031,0.388860693,1.42E-05,,"780,258.93",540000
12/11/2021,15292.17648,543994.8405,610299.1731,6055.571667,530494.2151,183841.4903,1889977.467,2970022.533,0.388884252,2.36E-05,,"794,140.66",540000
13/11/2021,14475.93513,535344.8812,621352.1638,5745.275013,526594.8743,186976.861,1890489.99,2969510.01,0.38898971,0.000105457,,"808,329.02",540000
14/11/2021,13933.85243,527109.6688,632320.7232,5530.65436,523639.0627,190090.5279,1892624.489,2967375.511,0.389428907,0.000439197,,"822,411.25",540000
15/11/2021,17673.96484,519010.0116,643303.0447,6996.585773,520215.4514,193209.8943,1900408.953,2959591.047,0.391030649,0.001601741,,"836,512.94",540000
16/11/2021,16690.92833,510825.4531,653676.6849,6620.810467,517237.7895,196163.7733,1901215.44,2958784.56,0.391196593,0.000165944,,"849,840.46",540000
17/11/2021,15641.09372,502370.563,663898.4847,6191.675467,513814.2351,198690.5666,1900606.619,2959393.381,0.391071321,-0.000125272,,"862,589.05",540000
18/11/2021,14899.18575,494311.6158,673677.5508,5919.21148,510228.6417,201384.8286,1900421.034,2959578.966,0.391033135,-3.82E-05,,"875,062.38",540000
19/11/2021,13980.43351,485978.8287,684086.2326,5553.216387,506415.8678,204252.5853,1900267.164,2959732.836,0.391001474,-3.17E-05,,"888,338.82",540000
20/11/2021,13029.12641,477728.8586,694735.3065,5182.312427,502553.8449,207186.5734,1900416.022,2959583.978,0.391032103,3.06E-05,,"901,921.88",540000
21/11/2021,12331.82347,469823.6816,705301.2362,4919.391027,499654.8027,210097.5706,1902128.506,2957871.494,0.391384466,0.000352363,,"915,398.81",540000
22/11/2021,15935.91963,462044.5909,715882.381,6331.249867,496287.5906,213012.8142,1909494.546,2950505.454,0.392900112,0.001515646,,"928,895.20",540000
23/11/2021,14817.05447,454180.5989,725856.5442,5899.02572,493365.9644,215760.8705,1909880.058,2950119.942,0.392979436,7.93E-05,,"941,617.41",540000
24/11/2021,13618.13413,446046.2753,735376.8671,5411.328253,489999.1727,218383.8413,1908835.619,2951164.381,0.392764531,-0.000214905,,"953,760.71",540000
25/11/2021,13164.39852,438307.8139,744681.3767,5250.367453,486470.0615,220947.3604,1908821.378,2951178.622,0.3927616,-2.93E-06,,"965,628.74",540000
26/11/2021,12533.81864,430295.5933,754615.5827,4995.875547,482713.6868,223684.2933,1908838.85,2951161.15,0.392765196,3.60E-06,,"978,299.88",540000
27/11/2021,11870.69016,422366.1897,764790.1808,4736.831213,478908.0631,226487.4577,1909159.413,2950840.587,0.392831155,6.60E-05,,"991,277.64",540000
28/11/2021,11461.65963,414477.3892,774881.554,4580.860573,476065.4201,229267.7119,1910734.595,2949265.405,0.393155267,0.000324112,,"1,004,149.27",540000
29/11/2021,15354.0282,406943.4918,784988.223,6104.82292,472754.6072,232052.1317,1918197.305,2941802.695,0.394690803,0.001535537,,"1,017,040.35",540000
30/11/2021,14523.2416,399377.1658,794487.9105,5784.88988,469889.3802,234669.3643,1918731.952,2941268.048,0.394800813,0.00011001,,"1,029,157.27",540000
1/12/2021,13618.04659,391540.5082,803533.6814,5411.4158,466578.6263,237161.5876,1917843.866,2942156.134,0.394618079,-0.000182734,,"1,040,695.27",540000
2/12/2021,13164.31097,384099.7128,812363.7152,5250.455,463106.2757,239594.2829,1917578.753,2942421.247,0.394563529,-5.46E-05,,"1,051,958.00",540000
3/12/2021,12533.73109,376385.1582,821823.3647,4995.963093,459406.3002,242200.4729,1917344.99,2942655.01,0.39451543,-4.81E-05,,"1,064,023.84",540000
4/12/2021,11870.59636,368753.4206,831523.3301,4736.912507,455656.7055,244872.9705,1917413.936,2942586.064,0.394529616,1.42E-05,,"1,076,396.30",540000
5/12/2021,11461.56583,361162.2861,841140.1513,4580.941867,452870.4639,247522.4772,1918737.886,2941262.114,0.394802034,0.000272418,,"1,088,662.63",540000
6/12/2021,15353.9344,353825.6625,850772.1876,6104.904213,449616.0524,250176.2302,1925848.971,2934151.029,0.39626522,0.001463186,,"1,100,948.42",540000
7/12/2021,14534.81027,346376.6616,859797.3186,5783.5204,446870.1209,252662.7199,1926025.152,2933974.848,0.396301472,3.63E-05,,"1,112,460.04",540000
8/12/2021,13628.15823,338701.0399,868368.533,5411.503347,443634.586,255024.2001,1924768.021,2935231.979,0.396042803,-0.000258669,,"1,123,392.73",540000
9/12/2021,13173.21572,331421.0166,876723.9341,5250.336187,440237.3635,257326.2287,1924132.095,2935867.905,0.395911954,-0.000130849,,"1,134,050.16",540000
10/12/2021,12551.45304,323818.3629,885708.9509,4994.749947,436662.607,259801.7519,1923537.876,2936462.124,0.395789686,-0.000122267,,"1,145,510.70",540000
11/12/2021,11885.23541,316333.156,894934.3598,4736.8062,433085.3499,262343.5065,1923318.414,2936681.586,0.39574453,-4.52E-05,,"1,157,277.87",540000
12/12/2021,11473.38463,308990.7053,904076.6244,4581.02316,430383.4028,264862.2701,1924367.41,2935632.59,0.395960373,0.000215843,,"1,168,938.89",540000
13/12/2021,15363.3144,301737.0889,913234.185,6104.791653,427210.2235,267385.1995,1931034.803,2928965.197,0.397332264,0.001371891,,"1,180,619.38",540000
14/12/2021,14529.89515,294417.3644,921784.6832,5784.858613,424466.0741,269741.0224,1930723.898,2929276.102,0.397268292,-6.40E-05,,"1,191,525.71",540000
15/12/2021,13622.06748,286913.1692,929881.3411,5411.384533,421274.6099,271971.7596,1929074.332,2930925.668,0.396928875,-0.000339417,,"1,201,853.10",540000
16/12/2021,13167.21252,279866.2787,937762.2664,5250.411227,417918.9611,274142.9645,1928108.094,2931891.906,0.396730061,-0.000198814,,"1,211,905.23",540000
17/12/2021,12534.32516,272616.397,946272.8074,4996.175707,414314.1789,276487.6639,1927221.548,2932778.452,0.396547644,-0.000182417,,"1,222,760.47",540000
18/12/2021,11870.33997,265495.4526,955023.7406,4736.887493,410768.6842,278898.5948,1926793.7,2933206.3,0.396459609,-8.80E-05,,"1,233,922.34",540000
19/12/2021,11460.953,258466.6355,963691.3725,4580.916853,408086.3812,281286.6917,1927572.951,2932427.049,0.396619949,0.00016034,,"1,244,978.06",540000
20/12/2021,15353.43413,251559.0614,972374.3003,6104.8792,404933.2185,283678.9543,1934003.848,2925996.152,0.397943179,0.00132323,,"1,256,053.25",540000
21/12/2021,14522.76635,244574.5387,980450.3228,5784.952413,402228.7837,285903.9534,1933465.317,2926534.683,0.39783237,-0.000110809,,"1,266,354.28",540000
22/12/2021,13617.68389,237423.5841,988072.4287,5411.478333,399076.3026,288003.9432,1931605.421,2928394.579,0.397449675,-0.000382695,,"1,276,076.37",540000
23/12/2021,13164.29847,230763.0337,995478.7213,5250.311173,395779.8027,290044.4812,1930480.649,2929519.351,0.39721824,-0.000231435,,"1,285,523.20",540000
24/12/2021,12533.56851,223841.486,1003514.63,4996.025627,392408.7216,292258.5139,1929552.945,2930447.055,0.397027355,-0.000190885,,"1,295,773.14",540000
25/12/2021,11870.59011,217002.3847,1011790.93,4736.968787,388828.0809,294538.778,1928767.732,2931232.268,0.396865789,-0.000161566,,"1,306,329.71",540000
26/12/2021,11461.55957,210479.9464,1019984.086,4580.991893,386210.2332,296796.0512,1929512.868,2930487.132,0.397019109,0.00015332,,"1,316,780.14",540000
27/12/2021,15353.92815,204226.5097,1027897.387,6104.947987,382085.2883,299352.6411,1935020.702,2924979.298,0.398152408,0.001133299,,"1,327,250.03",540000
28/12/2021,14523.3354,197915.459,1035201.725,5784.821093,379424.5614,301744.0257,1934593.927,2925406.073,0.398064594,-8.78E-05,,"1,336,945.75",540000
29/12/2021,13618.13413,191680.8648,1042049.401,5411.347013,376299.6611,304013.1451,1933072.553,2926927.447,0.397751554,-0.00031304,,"1,346,062.55",540000
30/12/2021,13164.44855,186082.0604,1048677.911,5250.373707,372993.5903,306226.1667,1932394.551,2927605.449,0.397612047,-0.000139507,,"1,354,904.08",540000
31/12/2021,12533.79988,180427.6453,1055625.496,4995.90056,367983.6734,308923.2227,1930489.738,2929510.262,0.397220111,-0.000391937,,"1,364,548.72",540000
