Date,Pifzer 1st dose,Pifzer 2nd dose,P3,Moderna 1st dose,Moderna 2nd dose,M3,SinoVac 2nd/3rd dose,SUM,4860000,Rate,dRate,Pifzer/Moderna 3rd dose,Pre-existing immunity,Effective Vax t
4/1/2021,0,0,0,0,0,0,0,0,4860000,0,0,0,540000,0
5/1/2021,0,0,0,0,0,0,0,0,4860000,0,0,0,540000,0
6/1/2021,9.38,0,0,0,0,0,0,9.38,4859990.62,1.93E-06,1.93E-06,0,540000,1.93E-06
7/1/2021,9.067333333,0,0,0,0,0,0,9.067333333,4859990.933,1.87E-06,-6.43E-08,0,540000,-6.43E-08
8/1/2021,8.754666667,0,0,0,0,0,0,8.754666667,4859991.245,1.80E-06,-6.43E-08,0,540000,-6.43E-08
9/1/2021,8.442,0,0,0,0,0,0,8.442,4859991.558,1.74E-06,-6.43E-08,0,540000,-6.43E-08
10/1/2021,8.129333333,0,0,0,0,0,0,8.129333333,4859991.871,1.67E-06,-6.43E-08,0,540000,-6.43E-08
11/1/2021,636.2766667,0,0,0,0,0,0,636.2766667,4859363.723,0.000130921,0.000129248,0,540000,0.000129248
12/1/2021,1140.295333,0,0,0,0,0,0,1140.295333,4858859.705,0.000234629,0.000103708,0,540000,0.000103708
13/1/2021,1101.524667,0,0,0,0,0,0,1101.524667,4858898.475,0.000226651,-7.98E-06,0,540000,-7.98E-06
14/1/2021,1062.754,0,0,0,0,0,0,1062.754,4858937.246,0.000218674,-7.98E-06,0,540000,-7.98E-06
15/1/2021,1023.983333,0,0,0,0,0,0,1023.983333,4858976.017,0.000210696,-7.98E-06,0,540000,-7.98E-06
16/1/2021,985.2126667,0,0,0,0,0,0,985.2126667,4859014.787,0.000202719,-7.98E-06,0,540000,-7.98E-06
17/1/2021,946.442,0,0,0,0,0,0,946.442,4859053.558,0.000194741,-7.98E-06,0,540000,-7.98E-06
18/1/2021,907.6713333,0,0,0,0,0,0,907.6713333,4859092.329,0.000186764,-7.98E-06,0,540000,-7.98E-06
19/1/2021,868.9006667,0,0,0,0,0,0,868.9006667,4859131.099,0.000178786,-7.98E-06,0,540000,-7.98E-06
20/1/2021,830.13,0,0,0,0,0,0,830.13,4859169.87,0.000170809,-7.98E-06,0,540000,-7.98E-06
21/1/2021,791.3593333,0,0,0,0,0,0,791.3593333,4859208.641,0.000162831,-7.98E-06,0,540000,-7.98E-06
22/1/2021,10845.46867,0,0,0,0,0,0,10845.46867,4849154.531,0.002231578,0.002068747,0,540000,0.002068747
23/1/2021,10470.26867,0,0,0,0,0,0,10470.26867,4849529.731,0.002154376,-7.72E-05,0,540000,-7.72E-05
24/1/2021,10095.06867,0,0,0,0,0,0,10095.06867,4849904.931,0.002077175,-7.72E-05,0,540000,-7.72E-05
25/1/2021,9719.868667,0,0,0,0,0,0,9719.868667,4850280.131,0.001999973,-7.72E-05,0,540000,-7.72E-05
26/1/2021,9344.668667,0,0,0,0,0,0,9344.668667,4850655.331,0.001922771,-7.72E-05,0,540000,-7.72E-05
27/1/2021,18909.45467,13.18785714,0,0,0,0,0,18922.64252,4841077.357,0.003893548,0.001970777,0,540000,0.001970777
28/1/2021,18203.14067,16.99571429,0,0,0,0,0,18220.13638,4841779.864,0.003748999,-0.000144549,0,540000,-0.000144549
29/1/2021,17496.82667,20.80357143,0,0,0,0,0,17517.63024,4842482.37,0.003604451,-0.000144549,0,540000,-0.000144549
30/1/2021,16790.51267,24.61142857,0,0,0,0,0,16815.1241,4843184.876,0.003459902,-0.000144549,0,540000,-0.000144549
31/1/2021,23963.39867,28.41928571,0,0,0,0,0,23991.81795,4836008.182,0.004936588,0.001476686,0,540000,0.001476686
1/2/2021,22994.44467,32.22714286,0,0,0,0,0,23026.67181,4836973.328,0.004737998,-0.00019859,0,540000,-0.00019859
2/2/2021,25462.32267,1605.39,0,0,0,0,0,27067.71267,4832932.287,0.005569488,0.00083149,0,540000,0.00083149
3/2/2021,24405.50933,2058.3,0,0,0,0,0,26463.80933,4833536.191,0.005445228,-0.00012426,0,540000,-0.00012426
4/2/2021,23348.696,2511.21,0,0,0,0,0,25859.906,4834140.094,0.005320968,-0.00012426,0,540000,-0.00012426
5/2/2021,22291.88267,2964.12,0,0,0,0,0,25256.00267,4834743.997,0.005196708,-0.00012426,0,540000,-0.00012426
6/2/2021,21235.06933,3417.03,0,0,0,0,0,24652.09933,4835347.901,0.005072448,-0.00012426,0,540000,-0.00012426
7/2/2021,20178.256,3869.94,0,0,0,0,0,24048.196,4835951.804,0.004948188,-0.00012426,0,540000,-0.00012426
8/2/2021,25185.42507,4322.85,0,0,0,0,0,29508.27507,4830491.725,0.006071662,0.001123473,0,540000,0.001123473
9/2/2021,23926.47899,4295.85,0,0,0,0,0,28222.32899,4831777.671,0.005807064,-0.000264598,0,540000,-0.000264598
10/2/2021,30673.55051,4268.85,0,0,0,0,0,34942.40051,4825057.599,0.007189794,0.001382731,0,540000,0.001382731
11/2/2021,29148.98784,4241.85,0,0,0,0,0,33390.83784,4826609.162,0.006870543,-0.000319252,0,540000,-0.000319252
12/2/2021,27624.42517,4214.85,0,0,0,0,0,31839.27517,4828160.725,0.006551291,-0.000319252,0,540000,-0.000319252
13/2/2021,26099.86251,4187.85,0,0,0,0,0,30287.71251,4829712.287,0.00623204,-0.000319252,0,540000,-0.000319252
14/2/2021,24575.29984,4160.85,0,0,0,0,0,28736.14984,4831263.85,0.005912788,-0.000319252,0,540000,-0.000319252
15/2/2021,23050.73717,4133.85,0,0,0,0,0,27184.58717,4832815.413,0.005593536,-0.000319252,0,540000,-0.000319252
16/2/2021,21526.17451,4106.85,0,0,0,0,0,25633.02451,4834366.975,0.005274285,-0.000319252,0,540000,-0.000319252
17/2/2021,20001.61184,4079.85,0,0,0,0,0,24081.46184,4835918.538,0.004955033,-0.000319252,0,540000,-0.000319252
18/2/2021,14868.87584,31483.59286,0,0,0,0,0,46352.4687,4813647.531,0.009537545,0.004582512,0,540000,0.004582512
19/2/2021,13994.65984,39376.93571,0,0,0,0,0,53371.59555,4806628.404,0.01098181,0.001444265,0,540000,0.001444265
20/2/2021,13120.44384,47270.27857,0,0,0,0,0,60390.72241,4799609.278,0.012426075,0.001444265,0,540000,0.001444265
21/2/2021,12246.22784,55163.62143,0,0,0,0,0,67409.84927,4792590.151,0.013870339,0.001444265,0,540000,0.001444265
22/2/2021,11389.52117,63056.96429,0,0,0,0,0,74446.48546,4785553.515,0.015318207,0.001447868,0,540000,0.001447868
23/2/2021,10532.81451,70950.30714,0,0,0,0,0,81483.12165,4778516.878,0.016766074,0.001447868,0,540000,0.001447868
24/2/2021,9676.10784,78843.65,0,0,0,0,0,88519.75784,4771480.242,0.018213942,0.001447868,0,540000,0.001447868
25/2/2021,8819.401173,78348.65,0,0,0,0,0,87168.05117,4772831.949,0.017935813,-0.000278129,0,540000,-0.000278129
26/2/2021,7962.694507,77853.65,0,0,0,0,0,85816.34451,4774183.655,0.017657684,-0.000278129,0,540000,-0.000278129
27/2/2021,7105.98784,77358.65,0,0,0,0,0,84464.63784,4775535.362,0.017379555,-0.000278129,0,540000,-0.000278129
28/2/2021,6249.281173,76863.65,0,0,0,0,0,83112.93117,4776887.069,0.017101426,-0.000278129,0,540000,-0.000278129
1/3/2021,12658.66019,102038.5502,0,2980.2136,0,0,0,117677.424,4742322.576,0.024213462,0.007112036,0,540000,0.007112036
2/3/2021,13600.56852,108955.4679,0,2961.541147,0,0,0,125517.5776,4734482.422,0.025826662,0.0016132,0,540000,0.0016132
3/3/2021,12958.50127,115872.3857,0,2859.51176,0,0,0,131690.3987,4728309.601,0.02709679,0.001270128,0,540000,0.001270128
4/3/2021,16153.42932,124813.9033,0,2979.600773,0,0,0,143946.9334,4716053.067,0.029618711,0.002521921,0,540000,0.002521921
5/3/2021,15418.66265,132315.4033,0,2870.16744,0,0,0,150604.2334,4709395.767,0.030988525,0.001369815,0,540000,0.001369815
6/3/2021,15574.99599,139816.9033,0,2807.634107,0,0,0,158199.5334,4701800.467,0.032551344,0.001562819,0,540000,0.001562819
7/3/2021,19025.27265,147845.9176,0,2921.75744,0,0,0,169792.9477,4690207.052,0.034936821,0.002385476,0,540000,0.002385476
8/3/2021,20515.71713,148096.6607,0,2931.012373,0,0,0,171543.3902,4688456.61,0.035296994,0.000360173,0,540000,0.000360173
9/3/2021,19550.85907,148029.6094,0,2808.253187,0,0,0,170388.7217,4689611.278,0.035059408,-0.000237586,0,540000,-0.000237586
10/3/2021,18586.001,147962.5581,0,2685.494,0,0,0,169234.0531,4690765.947,0.034821822,-0.000237586,0,540000,-0.000237586
11/3/2021,17621.14293,147276.3826,0,2562.734813,0,0,0,167460.2604,4692539.74,0.034456844,-0.000364978,0,540000,-0.000364978
12/3/2021,16656.28487,146590.2071,0,2439.975627,0,0,0,165686.4676,4694313.532,0.034091866,-0.000364978,0,540000,-0.000364978
13/3/2021,35024.45725,145904.0316,0,3324.44084,0,0,0,184252.9297,4675747.07,0.037912125,0.00382026,0,540000,0.00382026
14/3/2021,33617.45725,145056.5418,0,3168.107507,0,0,0,181842.1066,4678157.893,0.037416071,-0.000496054,0,540000,-0.000496054
15/3/2021,35836.57765,150527.8749,0,8625.704173,0,0,0,194990.1567,4665009.843,0.040121431,0.00270536,0,540000,0.00270536
16/3/2021,38529.70697,151407.6979,0,8751.23984,0,0,0,198688.6448,4661311.355,0.040882437,0.000761006,0,540000,0.000761006
17/3/2021,36861.13629,152287.521,0,8392.142173,0,0,0,197540.7995,4662459.201,0.040646255,-0.000236182,0,540000,-0.000236182
18/3/2021,35192.56561,153167.3441,0,8033.044507,0,0,0,196392.9542,4663607.046,0.040410073,-0.000236182,0,540000,-0.000236182
19/3/2021,33523.99493,154047.1672,0,7673.94684,0,0,0,195245.1089,4664754.891,0.040173891,-0.000236182,0,540000,-0.000236182
20/3/2021,31855.42425,154926.9902,0,7314.849173,0,0,0,194097.2637,4665902.736,0.039937709,-0.000236182,0,540000,-0.000236182
21/3/2021,33611.11637,155806.8133,0,38186.46151,0,0,0,227604.3912,4632395.609,0.046832179,0.006894471,0,540000,0.006894471
22/3/2021,30540.21068,169863.2906,0,37467.89097,0,0,0,237871.3923,4622128.608,0.048944731,0.002112552,0,540000,0.002112552
23/3/2021,32231.4622,175620.0645,0,37578.11848,0,0,0,245429.6452,4614570.355,0.050499927,0.001555196,0,540000,0.001555196
24/3/2021,30647.52413,179615.462,0,36104.17655,0,0,0,246367.1627,4613632.837,0.050692832,0.000192905,0,540000,0.000192905
25/3/2021,29063.58607,183610.8595,0,34630.23461,0,0,0,247304.6802,4612695.32,0.050885737,0.000192905,0,540000,0.000192905
26/3/2021,27479.648,187606.2571,0,33156.29268,0,0,0,248242.1977,4611757.802,0.051078642,0.000192905,0,540000,0.000192905
27/3/2021,25895.70993,191601.6546,0,31682.35075,0,0,0,249179.7153,4610820.285,0.051271546,0.000192905,0,540000,0.000192905
28/3/2021,38626.21467,195597.0521,0,36198.10161,0,0,0,270421.3684,4589578.632,0.055642257,0.004370711,0,540000,0.004370711
29/3/2021,40361.58345,211272.4575,0,34704.33661,1008.003086,0,0,287346.3807,4572653.619,0.05912477,0.003482513,0,540000,0.003482513
30/3/2021,38469.22473,214587.7007,0,33046.66549,1311.380571,0,0,287414.9715,4572585.029,0.059138883,1.41E-05,0,540000,1.41E-05
31/3/2021,36576.86601,217902.9438,0,31388.99437,1614.758057,0,0,287483.5622,4572516.438,0.059152996,1.41E-05,0,540000,1.41E-05
1/4/2021,34684.50729,221218.1869,0,29807.17619,1918.135543,0,0,287628.0059,4572371.994,0.059182717,2.97E-05,0,540000,2.97E-05
2/4/2021,32792.14857,224533.43,0,28228.04693,2221.513029,0,0,287775.1386,4572224.861,0.059212991,3.03E-05,0,540000,3.03E-05
3/4/2021,41772.09157,248580.2484,0,31365.43181,6226.806,0,0,327944.5777,4532055.422,0.067478308,0.008265317,0,540000,0.008265317
4/4/2021,39868.51437,257881.5191,0,29637.94848,7644.344571,0,0,335032.3265,4524967.674,0.068936693,0.001458385,0,540000,0.001458385
5/4/2021,37964.93717,262194.2262,0,27910.46515,8750.242457,0,0,336819.8709,4523180.129,0.0693045,0.000367807,0,540000,0.000367807
6/4/2021,43979.50573,283947.3468,0,30468.00969,10323.375,0,0,368718.2372,4491281.763,0.07586795,0.00656345,0,540000,0.00656345
7/4/2021,42116.23127,293295.7926,0,28609.31267,11569.89594,0,0,375591.2325,4484408.767,0.077282147,0.001414197,0,540000,0.001414197
8/4/2021,40252.9568,302644.2385,0,26750.61564,12816.41689,0,0,382464.2278,4477535.772,0.078696343,0.001414197,0,540000,0.001414197
9/4/2021,38389.68233,311992.6843,0,24891.91861,14062.93783,0,0,389337.2231,4470662.777,0.08011054,0.001414197,0,540000,0.001414197
10/4/2021,36526.40787,315001.3981,0,23033.22159,14164.95089,0,0,388725.9784,4471274.022,0.079984769,-0.000125771,0,540000,-0.000125771
11/4/2021,34663.1334,318010.1118,0,21174.52456,14266.96394,0,0,388114.7337,4471885.266,0.079858999,-0.000125771,0,540000,-0.000125771
12/4/2021,32799.85893,321018.8256,0,19315.82753,14368.977,0,0,387503.4891,4472496.511,0.079733228,-0.000125771,0,540000,-0.000125771
13/4/2021,30936.58447,318694.2471,0,17490.70465,14326.5368,0,0,381448.073,4478551.927,0.078487258,-0.00124597,0,540000,-0.00124597
14/4/2021,29073.31,316369.6686,0,15665.58177,14284.0966,0,0,375392.657,4484607.343,0.077241287,-0.00124597,0,540000,-0.00124597
15/4/2021,27210.03553,314045.0901,0,14027.58989,14241.6564,0,0,369524.3719,4490475.628,0.076033821,-0.001207466,0,540000,-0.001207466
16/4/2021,25346.76107,311720.5116,0,12405.23135,14199.2162,0,0,363671.7202,4496328.28,0.074829572,-0.001204249,0,540000,-0.001204249
17/4/2021,23483.4866,309395.9331,0,10782.8728,14156.776,0,0,357819.0685,4502180.932,0.073625323,-0.001204249,0,540000,-0.001204249
18/4/2021,48009.14748,336006.3044,0,19289.53852,68914.9764,0,0,472219.9668,4387780.033,0.097164602,0.023539279,0,540000,0.023539279
19/4/2021,45785.23077,342036.393,0,18301.16792,85365.8196,0,0,491488.6113,4368511.389,0.101129344,0.003964742,0,540000,0.003964742
20/4/2021,43561.31407,348066.4815,0,17312.79732,101816.6628,0,0,510757.2557,4349242.744,0.105094086,0.003964742,0,540000,0.003964742
21/4/2021,41419.10341,354096.5701,0,16324.42672,118267.506,0,0,530107.6062,4329892.394,0.109075639,0.003981554,0,540000,0.003981554
22/4/2021,39468.43236,360126.6586,0,15433.25168,134718.3492,0,0,549746.6919,4310253.308,0.113116603,0.004040964,0,540000,0.004040964
23/4/2021,37319.83705,366156.7472,0,14516.21911,151169.1924,0,0,569161.9957,4290838.004,0.117111522,0.003994918,0,540000,0.003994918
24/4/2021,35171.24175,372186.8357,0,13599.18653,167620.0356,0,0,588577.2996,4271422.7,0.12110644,0.003994918,0,540000,0.003994918
25/4/2021,33022.64644,369368.5937,0,12682.15396,167128.362,0,0,582201.7561,4277798.244,0.1197946,-0.00131184,0,540000,-0.00131184
26/4/2021,45031.47273,366550.3517,0,17270.80619,166636.6884,0,0,595489.319,4264510.681,0.122528666,0.002734066,0,540000,0.002734066
27/4/2021,42410.96337,363732.1097,0,16170.25079,166145.0148,0,0,588458.3387,4271541.661,0.121081963,-0.001446704,0,540000,-0.001446704
28/4/2021,39790.45401,360913.8677,0,15269.35181,165653.3412,0,0,581627.0147,4278372.985,0.11967634,-0.001405622,0,540000,-0.001405622
29/4/2021,37387.97963,358095.6257,0,14376.01312,165161.6676,0,0,575021.286,4284978.714,0.118317137,-0.001359203,0,540000,-0.001359203
30/4/2021,34985.50524,355277.3837,0,13482.67443,164669.994,0,0,568415.5574,4291584.443,0.116957934,-0.001359203,0,540000,-0.001359203
1/5/2021,32583.03085,352459.1417,0,12589.33573,164178.3204,0,0,561809.8287,4298190.171,0.11559873,-0.001359203,0,540000,-0.001359203
2/5/2021,30180.55647,349640.8997,0,11695.99704,163686.6468,0,0,555204.1,4304795.9,0.114239527,-0.001359203,0,540000,-0.001359203
3/5/2021,54091.34584,369625.7815,0,21464.52915,171474.5001,0,0,616656.1566,4243343.843,0.126883983,0.012644456,0,540000,0.012644456
4/5/2021,51652.52083,373391.7053,0,20373.11612,173474.7059,0,0,618892.0481,4241107.952,0.127344043,0.00046006,0,540000,0.00046006
5/5/2021,49213.69581,377157.6291,0,19281.70309,175474.9116,0,0,621127.9396,4238872.06,0.127804103,0.00046006,0,540000,0.00046006
6/5/2021,46774.8708,380923.5528,0,18190.29007,177475.1174,0,0,623363.8311,4236636.169,0.128264163,0.00046006,0,540000,0.00046006
7/5/2021,44336.04579,389961.7182,0,17241.85325,181389.6165,0,0,632929.2337,4227070.766,0.130232353,0.00196819,0,540000,0.00196819
8/5/2021,41897.22077,395249.9471,0,16293.41644,183965.9649,0,0,637406.5491,4222593.451,0.131153611,0.000921258,0,540000,0.000921258
9/5/2021,39458.39576,400538.176,0,15344.97963,186542.3132,0,0,641883.8646,4218116.135,0.132074869,0.000921258,0,540000,0.000921258
10/5/2021,52871.89581,463107.3329,0,23817.62721,199130.2328,0,0,738927.0888,4121072.911,0.152042611,0.019967742,0,540000,0.019967742
11/5/2021,50672.20452,479975.0663,0,22555.15425,202930.4057,0,0,756132.8307,4103867.169,0.155582887,0.003540276,0,540000,0.003540276
12/5/2021,48472.51323,496842.7997,0,21292.68129,206730.5785,0,0,773338.5727,4086661.427,0.159123163,0.003540276,0,540000,0.003540276
13/5/2021,52606.51685,515519.6433,0,22515.53313,212810.5666,0,0,803452.2598,4056547.74,0.165319395,0.006196232,0,540000,0.006196232
14/5/2021,50200.17165,531297.4828,0,21170.21601,216705.0575,0,0,819372.928,4040627.072,0.168595253,0.003275858,0,540000,0.003275858
15/5/2021,47793.82645,547075.3224,0,19824.89889,220599.5484,0,0,835293.5962,4024706.404,0.17187111,0.003275858,0,540000,0.003275858
16/5/2021,45387.48125,562853.162,0,18479.58177,224494.0393,0,0,851214.2643,4008785.736,0.175146968,0.003275858,0,540000,0.003275858
17/5/2021,47719.38677,578886.7309,0,20221.73543,241966.9755,0,0,888794.8285,3971205.171,0.182879594,0.007732626,0,540000,0.007732626
18/5/2021,45485.43972,580762.8781,0,19166.89189,247231.2788,0,0,892646.4885,3967353.511,0.183672117,0.000792523,0,540000,0.000792523
19/5/2021,43251.49267,582639.0254,0,18112.12965,252495.5821,0,0,896498.2298,3963501.77,0.184464656,0.000792539,0,540000,0.000792539
20/5/2021,41017.54561,583961.9454,0,17057.36741,257055.0431,0,0,899091.9015,3960908.098,0.184998334,0.000533677,0,540000,0.000533677
21/5/2021,38783.59856,585284.8653,0,16002.60517,261614.5041,0,0,901685.5732,3958314.427,0.185532011,0.000533677,0,540000,0.000533677
22/5/2021,36549.65151,586607.7853,0,14947.84293,266173.9652,0,0,904279.2449,3955720.755,0.186065688,0.000533677,0,540000,0.000533677
23/5/2021,34315.70445,587930.7052,0,13895.56327,270733.4262,0,0,906875.3991,3953124.601,0.186599876,0.000534188,0,540000,0.000534188
24/5/2021,43567.45484,621712.7496,0,20141.38635,277872.7603,0,0,963294.351,3896705.649,0.198208714,0.011608838,0,540000,0.011608838
25/5/2021,41590.36345,628078.5547,0,19017.12456,279434.1836,0,0,968120.2263,3891879.774,0.199201693,0.000992978,0,540000,0.000992978
26/5/2021,39613.27207,634444.3599,0,17892.86277,280995.6069,0,0,972946.1016,3887053.898,0.200194671,0.000992978,0,540000,0.000992978
27/5/2021,37636.18068,640810.1651,0,16768.60099,282557.0301,0,0,977771.9769,3882228.023,0.20118765,0.000992978,0,540000,0.000992978
28/5/2021,35659.08929,647175.9703,0,15644.3392,284118.4534,0,0,982597.8522,3877402.148,0.202180628,0.000992978,0,540000,0.000992978
29/5/2021,33681.99791,653541.7754,0,14520.07741,285679.8767,0,0,987423.7275,3872576.273,0.203173606,0.000992978,0,540000,0.000992978
30/5/2021,31704.90652,659907.5806,0,13395.81563,287241.3,0,0,992249.6027,3867750.397,0.204166585,0.000992978,0,540000,0.000992978
31/5/2021,47248.51077,679167.5918,0,20426.57587,301498.9879,0,0,1048341.666,3811658.334,0.215708162,0.011541577,0,540000,0.011541577
1/6/2021,45097.01392,680872.5577,0,19360.24496,305157.0882,0,0,1050486.905,3809513.095,0.216149569,0.000441407,0,540000,0.000441407
2/6/2021,42945.51707,682577.5237,0,18293.91405,308815.1885,0,0,1052632.143,3807367.857,0.216590976,0.000441407,0,540000,0.000441407
3/6/2021,40794.02021,684282.4896,0,17229.65925,312473.2887,0,0,1054779.458,3805220.542,0.21703281,0.000441834,0,540000,0.000441834
4/6/2021,38642.52336,685987.4556,0,16165.40445,316131.389,0,0,1056926.772,3803073.228,0.217474645,0.000441834,0,540000,0.000441834
5/6/2021,36491.02651,687692.4215,0,15101.14965,319789.4893,0,0,1059074.087,3800925.913,0.217916479,0.000441834,0,540000,0.000441834
6/6/2021,34339.52965,689397.3875,0,14036.89485,323447.5896,0,0,1061221.402,3798778.598,0.218358313,0.000441834,0,540000,0.000441834
7/6/2021,58562.16651,704668.4593,0,24146.95901,333610.42,0,0,1120988.005,3739011.995,0.230655968,0.012297655,0,540000,0.012297655
8/6/2021,55908.74585,704922.1511,0,22953.64167,335949.2048,0,0,1119733.743,3740266.257,0.23039789,-0.000258078,0,540000,-0.000258078
9/6/2021,53255.3252,705175.8429,0,21760.32432,338287.9896,0,0,1118479.482,3741520.518,0.230139811,-0.000258078,0,540000,-0.000258078
10/6/2021,50824.25432,705429.5346,0,20620.2416,340626.7744,0,0,1117500.805,3742499.195,0.229938437,-0.000201374,0,540000,-0.000201374
11/6/2021,48393.18344,705683.2264,0,19480.15888,342965.5592,0,0,1116522.128,3743477.872,0.229737063,-0.000201374,0,540000,-0.000201374
12/6/2021,45962.11256,705936.9182,0,18340.07616,345304.344,0,0,1115543.451,3744456.549,0.229535689,-0.000201374,0,540000,-0.000201374
13/6/2021,43543.01681,706190.61,0,17282.8376,347643.1288,0,0,1114659.593,3745340.407,0.229353826,-0.000181864,0,540000,-0.000181864
14/6/2021,41123.92107,699987.6975,0,16225.59904,346521.5072,0,0,1103858.725,3756141.275,0.227131425,-0.002222401,0,540000,-0.002222401
15/6/2021,61514.24636,713556.2842,0,25380.57284,352840.7518,0,0,1153291.855,3706708.145,0.237302851,0.010171426,0,540000,0.010171426
16/6/2021,58678.59107,713062.1873,0,24095.52535,353958.5989,0,0,1149794.903,3710205.097,0.236583313,-0.000719538,0,540000,-0.000719538
17/6/2021,55842.93577,712568.0904,0,22810.47785,355076.4459,0,0,1146297.95,3713702.05,0.235863776,-0.000719538,0,540000,-0.000719538
18/6/2021,53007.28048,712073.9934,0,21525.43036,356194.2929,0,0,1142800.997,3717199.003,0.235144238,-0.000719538,0,540000,-0.000719538
19/6/2021,50171.62519,711579.8965,0,20240.38287,357312.1399,0,0,1139304.045,3720695.955,0.234424701,-0.000719538,0,540000,-0.000719538
20/6/2021,47335.96989,711085.7996,0,18955.33537,358429.987,0,0,1135807.092,3724192.908,0.233705163,-0.000719538,0,540000,-0.000719538
21/6/2021,44500.3146,710591.7027,0,17670.28788,359547.834,0,0,1132310.139,3727689.861,0.232985625,-0.000719538,0,540000,-0.000719538
22/6/2021,75857.47325,716854.7649,0,30514.62204,363183.5558,0,0,1186410.416,3673589.584,0.24411737,0.011131744,0,540000,0.011131744
23/6/2021,72104.66032,714011.348,0,28867.12509,363451.1073,0,0,1178434.241,3681565.759,0.242476181,-0.001641188,0,540000,-0.001641188
24/6/2021,68540.11024,711167.931,0,27362.86075,363718.6587,0,0,1170789.561,3689210.439,0.240903202,-0.001572979,0,540000,-0.001572979
25/6/2021,64975.56016,708324.514,0,25858.5964,363986.2101,0,0,1163144.881,3696855.119,0.239330222,-0.001572979,0,540000,-0.001572979
26/6/2021,61411.01008,705481.097,0,24354.33205,364253.7615,0,0,1155500.201,3704499.799,0.237757243,-0.001572979,0,540000,-0.001572979
27/6/2021,57846.46,702637.6801,0,22850.06771,364521.313,0,0,1147855.521,3712144.479,0.236184264,-0.001572979,0,540000,-0.001572979
28/6/2021,93298.78908,706871.6585,0,36982.1508,367452.1825,0,0,1204604.781,3655395.219,0.247861066,0.011676802,0,540000,0.011676802
29/6/2021,88551.13335,702156.5071,0,35014.59575,367031.6405,0,0,1192753.877,3667246.123,0.245422608,-0.002438458,0,540000,-0.002438458
30/6/2021,83803.47761,697441.3557,0,33047.04069,366611.0986,0,0,1180902.973,3679097.027,0.242984151,-0.002438458,0,540000,-0.002438458
1/7/2021,99581.10661,698685.797,0,39447.15227,368433.3367,0,0,1206147.393,3653852.607,0.248178476,0.005194325,0,540000,0.005194325
2/7/2021,102822.6283,698871.0086,0,40734.16331,369884.4697,0,0,1212312.27,3647687.73,0.249446969,0.001268493,0,540000,0.001268493
3/7/2021,105736.7504,699700.5147,0,41825.13235,371592.708,0,0,1218855.105,3641144.895,0.250793232,0.001346262,0,540000,0.001346262
4/7/2021,108170.0599,701402.2774,0,42676.41112,373642.4349,0,0,1225891.183,3634108.817,0.252240984,0.001447753,0,540000,0.001447753
5/7/2021,110970.8341,701871.2057,0,43564.73464,375232.7435,0,0,1231639.518,3628360.482,0.253423769,0.001182785,0,540000,0.001182785
6/7/2021,112644.3575,703187.3458,0,44233.25975,377155.8877,0,0,1237220.851,3622779.149,0.254572191,0.001148422,0,540000,0.001148422
7/7/2021,106787.2291,702372.1623,0,41749.36071,378290.7366,0,0,1229199.489,3630800.511,0.252921705,-0.001650486,0,540000,-0.001650486
8/7/2021,115440.9669,706946.1784,0,45552.47545,381446.5019,0,0,1249386.123,3610613.877,0.257075334,0.004153628,0,540000,0.004153628
9/7/2021,115925.938,710664.9068,0,45937.29308,384309.0515,0,0,1256837.189,3603162.811,0.258608475,0.001533141,0,540000,0.001533141
10/7/2021,110028.0003,709763.4839,0,43501.157,385453.5069,0,0,1248746.148,3611253.852,0.256943652,-0.001664823,0,540000,-0.001664823
11/7/2021,104130.0627,707963.2984,0,41065.02092,386256.0371,0,0,1239414.419,3620585.581,0.255023543,-0.001920109,0,540000,-0.001920109
12/7/2021,114113.4406,724387.2651,0,45334.64684,393913.0585,0,0,1277748.411,3582251.589,0.262911196,0.007887653,0,540000,0.007887653
13/7/2021,109902.3083,736557.4721,0,44050.80624,400053.5656,0,0,1290564.152,3569435.848,0.265548179,0.002636984,0,540000,0.002636984
14/7/2021,103993.9589,741414.6909,0,41429.43392,403489.256,0,0,1290327.34,3569672.66,0.265499453,-4.87E-05,0,540000,-4.87E-05
15/7/2021,100070.7926,768137.059,0,41133.3636,415144.3825,0,0,1324485.598,3535514.402,0.272527901,0.007028448,0,540000,0.007028448
16/7/2021,95779.99919,788366.7011,0,39824.90363,424460.2959,0,0,1348431.9,3511568.1,0.277455123,0.004927223,0,540000,0.004927223
17/7/2021,92380.02433,812758.8502,0,38299.03401,435398.9219,0,0,1378836.831,3481163.169,0.283711282,0.006256159,0,540000,0.006256159
18/7/2021,89375.87923,841734.0345,0,36656.102,448121.567,0,0,1415887.583,3444112.417,0.291334894,0.007623612,0,540000,0.007623612
19/7/2021,83800.61984,863762.5309,0,34731.2322,458260.3396,0,0,1440554.723,3419445.277,0.296410437,0.005075543,0,540000,0.005075543
20/7/2021,78637.86159,876542.0523,0,32171.67408,464943.6675,0,0,1452295.255,3407704.745,0.298826184,0.002415748,0,540000,0.002415748
21/7/2021,73470.68848,889289.119,0,29607.69485,471614.989,0,0,1463982.491,3396017.509,0.301230965,0.002404781,0,540000,0.002404781
22/7/2021,68871.58693,914856.265,0,28939.22603,483080.6043,0,0,1495747.682,3364252.318,0.307767013,0.006536048,0,540000,0.006536048
23/7/2021,63566.30896,934997.536,0,27654.03471,492581.2807,0,0,1518799.16,3341200.84,0.312510115,0.004743102,0,540000,0.004743102
24/7/2021,58301.69641,953264.1442,0,26142.00372,501418.8048,0,0,1539126.649,3320873.351,0.316692726,0.004182611,0,540000,0.004182611
25/7/2021,53492.92685,968955.7506,0,24574.81833,509320.687,0,0,1556344.183,3303655.817,0.320235429,0.003542702,0,540000,0.003542702
26/7/2021,48762.46779,985275.239,0,22818.95112,517491.7128,0,0,1574348.371,3285651.629,0.323939994,0.003704565,0,540000,0.003704565
27/7/2021,44920.62615,1001486.358,0,21270.14428,525667.848,0,0,1593344.977,3266655.023,0.327848761,0.003908767,0,540000,0.003908767
28/7/2021,40962.80393,1012690.996,0,19150.58945,531992.3712,0,0,1604796.761,3255203.239,0.330205095,0.002356334,0,540000,0.002356334
29/7/2021,36989.79237,1037530.365,0,18251.74157,543422.5511,0,0,1636194.45,3223805.55,0.336665525,0.00646043,0,540000,0.00646043
30/7/2021,33230.70109,1057052.686,0,16914.38495,552926.6495,0,0,1660124.422,3199875.578,0.341589387,0.004923862,0,540000,0.004923862
31/7/2021,31438.10805,1076620.648,0,15601.98537,562492.4699,0,0,1686153.211,3173846.789,0.346945105,0.005355718,0,540000,0.005355718
1/8/2021,30334.85747,1095305.951,0,14378.39564,571770.9453,0,0,1711790.149,3148209.851,0.352220195,0.00527509,0,540000,0.00527509
2/8/2021,27164.96151,1114326.77,0,13364.81785,581212.9756,0,0,1736069.525,3123930.475,0.357215952,0.004995756,0,540000,0.004995756
3/8/2021,24530.45093,1133963.573,0,12479.08321,590929.2659,0,0,1761902.373,3098097.627,0.362531352,0.005315401,0,540000,0.005315401
4/8/2021,22756.98059,1157379.943,0,11788.47133,601968.4159,0,0,1793893.811,3066106.189,0.369113953,0.0065826,0,540000,0.0065826
5/8/2021,21473.95917,1167001.494,0,10724.79809,607814.0774,0,0,1807014.329,3052985.671,0.371813648,0.002699695,0,540000,0.002699695
6/8/2021,19630.41397,1197077.204,0,10099.75241,621341.463,0,0,1848148.834,3011851.166,0.380277538,0.00846389,0,540000,0.00846389
7/8/2021,18916.38961,1218156.674,0,9642.558707,631579.1342,0,0,1878294.756,2981705.244,0.386480403,0.006202865,0,540000,0.006202865
8/8/2021,17912.6108,1227308.374,0,8829.519067,637370.098,0,0,1891420.602,2968579.398,0.389181194,0.002700791,0,540000,0.002700791
9/8/2021,17732.41475,1250386.456,0,8450.785933,648387.7819,0,0,1924957.439,2935042.561,0.396081778,0.006900584,0,540000,0.006900584
10/8/2021,16793.08904,1257872.953,0,7765.089173,653604.1444,0,0,1936035.276,2923964.724,0.398361168,0.00227939,0,540000,0.00227939
11/8/2021,28342.58299,1280346.837,0,11885.61061,664446.8703,0,0,1985021.901,2874978.099,0.40844072,0.010079553,0,540000,0.010079553
12/8/2021,25547.35549,1304992.046,0,11015.22165,676191.2499,0,0,2017745.873,2842254.127,0.415174048,0.006733327,0,540000,0.006733327
13/8/2021,24376.31252,1311374.669,0,10376.88139,681101.9422,0,0,2027229.805,2832770.195,0.417125474,0.001951426,0,540000,0.001951426
14/8/2021,22092.83907,1332743.328,0,9636.780627,691637.0973,0,0,2056110.045,2803889.955,0.42306791,0.005942436,0,540000,0.005942436
15/8/2021,21051.89044,1341190.733,0,9067.81484,697256.3819,0,0,2068566.821,2791433.179,0.425631033,0.002563123,0,540000,0.002563123
16/8/2021,20037.04323,1344555.667,0,8518.453253,700915.6334,0,0,2074026.797,2785973.203,0.426754485,0.001123452,0,540000,0.001123452
17/8/2021,18946.66825,1347963.478,0,7941.03296,704591.4978,0,0,2079442.677,2780557.323,0.427868863,0.001114378,0,540000,0.001114378
18/8/2021,17889.09827,1345684.73,0,7394.260253,706093.8184,0,0,2077061.907,2782938.093,0.427378993,-0.00048987,0,540000,-0.00048987
19/8/2021,15685.68624,1344429.214,0,6766.369307,707959.9061,0,0,2074841.176,2785158.824,0.426922053,-0.000456941,0,540000,-0.000456941
20/8/2021,14165.66349,1342734.369,0,6234.911013,709686.6838,0,0,2072821.628,2787178.372,0.426506508,-0.000415545,0,540000,-0.000415545
21/8/2021,13925.99199,1335490.592,0,6145.38204,709315.2767,0,0,2064877.242,2795122.758,0.424871861,-0.001634647,0,540000,-0.001634647
22/8/2021,13254.12135,1327471.556,0,5841.0198,708661.4859,0,0,2055228.183,2804771.817,0.422886457,-0.001985403,0,540000,-0.001985403
23/8/2021,12692.74085,1321054.561,0,5601.273253,708615.4607,0,0,2047964.035,2812035.965,0.421391777,-0.001494681,0,540000,-0.001494681
24/8/2021,12133.19259,1314685.516,0,5374.127173,708598.4838,0,0,2040791.319,2819208.681,0.419915909,-0.001475868,0,540000,-0.001475868
25/8/2021,11428.9672,1307004.209,0,4984.825907,708096.1858,0,0,2031514.188,2828485.812,0.418007034,-0.001908875,0,540000,-0.001908875
26/8/2021,11628.24843,1298745.472,0,4952.765067,710515.3497,0,0,2025841.836,2834158.164,0.416839884,-0.001167151,0,540000,-0.001167151
27/8/2021,11166.66488,1291020.221,0,4863.836413,710946.3969,0,0,2017997.119,2842002.881,0.415225745,-0.001614139,0,540000,-0.001614139
28/8/2021,10709.37112,1282894.81,0,4728.407973,711236.5689,0,0,2009569.158,2850430.842,0.413491596,-0.001734148,0,540000,-0.001734148
29/8/2021,10406.79733,1274303.534,0,4500.442707,711324.3189,0,0,2000535.093,2859464.907,0.411632735,-0.001858861,0,540000,-0.001858861
30/8/2021,9917.317667,1265761.6,0,4345.028613,711429.9636,0,0,1991453.909,2868546.091,0.409764179,-0.001868556,0,540000,-0.001868556
31/8/2021,9636.43044,1256153.636,0,4176.319933,712734.2011,0,0,1982700.588,2877299.412,0.407963084,-0.001801095,0,540000,-0.001801095
1/9/2021,8992.81236,1246023.02,0,3851.50304,712727.6775,0,0,1971595.013,2888404.987,0.405677986,-0.002285098,0,540000,-0.002285098
2/9/2021,8720.09824,1238607.638,0,3884.545653,712786.6833,0,0,1963998.965,2896001.035,0.404115013,-0.001562973,0,540000,-0.001562973
3/9/2021,8362.432587,1230685.437,0,3769.87828,712664.4428,0,0,1955482.191,2904517.809,0.402362591,-0.001752423,0,540000,-0.001752423
4/9/2021,7970.154733,1222873.015,0,3634.99388,712594.3678,0,0,1947072.531,2912927.469,0.400632208,-0.001730383,0,540000,-0.001730383
5/9/2021,7550.76868,1214672.393,0,3449.394947,712302.9521,0,0,1937975.508,2922024.492,0.398760393,-0.001871815,0,540000,-0.001871815
6/9/2021,7393.341013,1206162.543,0,3306.518787,711870.8869,0,0,1928733.29,2931266.71,0.396858702,-0.001901691,0,540000,-0.001901691
7/9/2021,7292.937493,1197660.564,0,3177.481253,710951.2472,0,0,1919082.229,2940917.771,0.394872887,-0.001985815,0,540000,-0.001985815
8/9/2021,7276.878933,1189365.664,0,3060.124947,710116.0264,0,0,1909818.694,2950181.306,0.392966809,-0.001906077,0,540000,-0.001906077
9/9/2021,7302.19868,1180264.727,0,2959.52132,708973.3425,0,0,1899499.789,2960500.211,0.390843578,-0.002123231,0,540000,-0.002123231
10/9/2021,7372.467387,1171834.696,0,2877.733973,708088.1891,0,0,1890173.086,2969826.914,0.388924503,-0.001919075,0,540000,-0.001919075
11/9/2021,7068.424067,1162813.527,0,2877.921573,706983.4341,0,0,1879743.307,2980256.693,0.386778458,-0.002146045,0,540000,-0.002146045
12/9/2021,6822.968227,1153373.889,0,2810.166707,705634.0773,0,0,1868641.101,2991358.899,0.384494054,-0.002284405,0,540000,-0.002284405
13/9/2021,6657.49252,1143589.259,0,2781.632747,704139.6751,0,0,1857168.059,3002831.941,0.382133346,-0.002360708,0,540000,-0.002360708
14/9/2021,6522.339227,1133684.426,997.1106996,2763.57312,702600.7773,0,0,1846568.226,3013431.774,0.37995231,-0.002181036,997.11,540000,-0.002181036
15/9/2021,6179.437693,1122958.312,2991.332099,2598.566413,700750.2982,0,0,1835477.946,3024522.054,0.377670359,-0.002281951,2991.33,540000,-0.002281951
16/9/2021,6468.71064,1113141.175,5982.664197,2776.21736,699246.3645,0,0,1827615.131,3032384.869,0.376052496,-0.001617863,5982.66,540000,-0.001617863
17/9/2021,6397.829107,1103326.882,9971.106996,2800.936787,697631.7439,0,0,1820128.499,3039871.501,0.374512037,-0.001540459,9971.11,540000,-0.001540459
18/9/2021,6214.1562,1093196.782,14956.66049,2736.9902,695878.9043,0,0,1812983.493,3047016.507,0.373041871,-0.001470166,14956.66,540000,-0.001470166
19/9/2021,5970.61388,1082566.316,20939.32469,2619.877773,693938.0641,0,0,1806034.196,3053965.804,0.371611975,-0.001429896,20939.32,540000,-0.001429896
20/9/2021,5886.969293,1072343.458,27919.09959,2579.7814,692058.2437,0,0,1800787.552,3059212.448,0.370532418,-0.001079556,27919.1,540000,-0.001079556
21/9/2021,5860.936667,1062197.355,35895.98518,2569.926147,690192.4005,0,0,1796716.603,3063283.397,0.369694774,-0.000837644,35895.99,540000,-0.000837644
22/9/2021,5548.882827,1051518.092,44869.98148,2400.648413,688126.388,0,0,1792463.993,3067536.007,0.368819752,-0.000875023,44869.98,540000,-0.000875023
23/9/2021,5689.395227,1041456.57,54841.08848,2471.01092,686294.9131,0,0,1790752.977,3069247.023,0.368467691,-0.000352061,54841.09,540000,-0.000352061
24/9/2021,5596.9522,1031322.116,65809.30617,2449.930933,684438.9368,0,0,1789617.242,3070382.758,0.368234001,-0.00023369,65809.31,540000,-0.00023369
25/9/2021,5381.64368,1021000.323,77774.63457,2368.512533,682514.4859,0,0,1789039.599,3070960.401,0.368115144,-0.000118857,77774.63,540000,-0.000118857
26/9/2021,5184.807507,1010306.038,89711.18476,2268.38416,680450.7205,0,0,1787921.135,3072078.865,0.367885007,-0.000230137,89711.18,540000,-0.000230137
27/9/2021,4785.269533,1000114.732,101618.9568,2124.182293,678579.7542,0,0,1787222.895,3072777.105,0.367741336,-0.000143671,101618.96,540000,-0.000143671
28/9/2021,4496.803267,989338.9462,113497.6456,1989.7794,676489.3774,0,0,1785812.552,3074187.448,0.367451142,-0.000290194,113497.65,540000,-0.000290194
29/9/2021,4247.15144,978332.4118,125838.2223,1849.148187,674312.1417,0,0,1784579.075,3075420.925,0.367197341,-0.000253802,125838.22,540000,-0.000253802
30/9/2021,3905.656907,967978.1882,138762.8006,1732.117053,672382.7653,0,0,1784761.528,3075238.472,0.367234882,3.75E-05,138762.8,540000,3.75E-05
1/10/2021,3550.361267,957361.5016,152277.0212,1600.052907,670356.3449,0,0,1785145.282,3074854.718,0.367313844,7.90E-05,152277.02,540000,7.90E-05
2/10/2021,3333.739547,946504.7169,166422.8084,1480.889387,668081.0993,0,0,1785823.254,3074176.746,0.367453344,0.0001395,166422.81,540000,0.0001395
3/10/2021,2891.72268,939051.2641,181019.0495,1353.709093,667077.1192,0,0,1791392.865,3068607.135,0.368599355,0.00114601,181019.05,540000,0.00114601
4/10/2021,2629.04516,929773.144,196271.9355,1238.322587,668733.1973,0,0,1798645.645,3061354.355,0.370091696,0.001492342,196271.94,540000,0.001492342
5/10/2021,2381.18804,920234.1134,210498.9326,1137.199933,667959.2353,0,0,1802210.669,3057789.331,0.370825241,0.000733544,210498.93,540000,0.000733544
6/10/2021,2229.807347,910328.1373,224979.4921,1039.916827,665815.7855,260.2351447,0,1804653.374,3055346.626,0.371327855,0.000502614,225239.73,540000,0.000502614
7/10/2021,2112.082093,901121.0895,240737.7088,1022.28868,665070.9301,543.7954079,0,1810607.895,3049392.105,0.372553065,0.00122521,241281.5,540000,0.00122521
8/10/2021,2133.887467,891704.2511,257024.7395,1039.92308,664286.6762,843.0582018,0,1817032.536,3042967.464,0.373875007,0.001321943,257867.8,540000,0.001321943
9/10/2021,2201.955,882362.0313,273711.6101,1071.152227,663541.8405,1156.651461,0,1824045.241,3035954.759,0.375317951,0.001442943,274868.26,540000,0.001442943
10/10/2021,2303.03388,871880.2403,291413.8535,1098.22916,662331.3642,1490.901932,0,1830517.623,3029482.377,0.376649717,0.001331766,292904.76,540000,0.001331766
11/10/2021,2487.044467,861345.0645,309601.0976,1168.435333,660071.1573,1845.504713,0,1836518.304,3023481.696,0.377884425,0.001234708,311446.6,540000,0.001234708
12/10/2021,2617.970507,850725.2507,327455.8782,1212.940307,656119.3033,2588.935693,0,1840720.279,3019279.721,0.378749029,0.000864604,330044.81,540000,0.000864604
13/10/2021,2487.063227,839802.8381,345058.7558,1127.995027,653688.4593,3361.180055,0,1845526.292,3014473.708,0.37973792,0.000988892,348419.94,540000,0.000988892
14/10/2021,2749.290507,829373.819,362350.2837,1247.846413,651450.2754,4161.856669,0,1851333.372,3008666.628,0.380932793,0.001194872,366512.14,540000,0.001194872
15/10/2021,2618.489533,818161.0102,381996.6583,1163.676547,648655.8462,5041.579518,0,1857637.26,3002362.74,0.382229889,0.001297096,387038.24,540000,0.001297096
16/10/2021,2487.68856,806762.0446,399911.9385,1079.50668,646174.9128,5921.302366,0,1862337.393,2997662.607,0.383196995,0.000967106,405833.24,540000,0.000967106
17/10/2021,3002.212827,796882.3242,418688.2662,1330.521733,644068.4574,6818.633393,0,1870790.416,2989209.584,0.3849363,0.001739305,425506.9,540000,0.001739305
18/10/2021,3140.0488,786419.9103,436879.2979,1359.580973,639659.1585,7933.396182,0,1875391.393,2984608.607,0.385883003,0.000946703,444812.69,540000,0.000946703
19/10/2021,3105.561667,775583.9424,454023.8096,1313.043667,637460.9141,9065.09395,0,1880552.365,2979447.635,0.386944931,0.001061929,463088.9,540000,0.001061929
20/10/2021,2972.697093,764701.6373,470668.534,1240.89896,635044.0844,10214.63273,0,1884842.484,2975157.516,0.387827672,0.000882741,480883.17,540000,0.000882741
21/10/2021,3299.5088,753751.8311,486156.7725,1338.744867,629050.1385,12388.46237,0,1885985.458,2974014.542,0.388062851,0.00023518,498545.23,540000,0.00023518
22/10/2021,3358.515253,742752.302,499545.1582,1338.651067,627930.8479,14541.03861,0,1889466.513,2970533.487,0.388779118,0.000716266,514086.2,540000,0.000716266
23/10/2021,3361.910813,731831.3949,511020.0293,1332.078813,608144.7786,20666.30129,0,1876356.494,2983643.506,0.386081583,-0.002697535,531686.33,540000,-0.002697535
24/10/2021,3328.936987,721408.395,521132.7997,1312.43084,609167.8839,26391.51357,21250,1903991.96,2956008.04,0.391767893,0.00568631,547524.31,540000,0.00568631
25/10/2021,16743.03736,711007.3182,529932.7343,6524.534147,604160.2331,33110.41327,21250,1922728.27,2937271.73,0.395623101,0.003855208,563043.15,540000,0.003855208
26/10/2021,16129.77296,700583.622,537303.3733,6282.586427,597079.1091,41345.616,21250,1919974.08,2940025.92,0.395056395,-0.000566706,578648.99,540000,-0.000566706
27/10/2021,15998.49048,690211.0879,540689.4764,6231.390387,591786.4683,50665.13722,21250,1916832.051,2943167.949,0.394409887,-0.000646508,591354.61,540000,-0.000646508
28/10/2021,15657.68381,680078.2039,544075.5795,6117.342093,584526.8051,61661.78018,21250,1913367.395,2946632.605,0.393696995,-0.000712892,605737.36,540000,-0.000712892
29/10/2021,15104.00117,670003.6422,546575.8601,5920.22452,575928.9892,74424.90701,21250,1909207.624,2950792.376,0.392841075,-0.00085592,621000.77,540000,-0.00085592
30/10/2021,14529.55747,660047.521,550100.6308,5717.50396,575059.2631,86725.06041,21250,1913429.537,2946570.463,0.393709781,0.000868706,636825.69,540000,0.000868706
31/10/2021,14123.34719,650647.0774,553128.247,5592.418533,572386.3762,99222.67706,21250,1916350.143,2943649.857,0.394310729,0.000600948,652350.92,540000,0.000600948
1/11/2021,16934.61448,641605.0942,556217.7269,6725.91024,569103.2674,112015.9836,21250,1923852.597,2936147.403,0.395854444,0.001543715,668233.71,540000,0.001543715
2/11/2021,16252.61969,632643.4973,559790.9725,6484.63788,566126.1452,123962.8466,21250,1926510.719,2933489.281,0.396401383,0.000546939,683753.82,540000,0.000546939
3/11/2021,15530.40972,623276.4717,564437.5547,6179.78788,562600.2391,136207.2192,21250,1929481.682,2930518.318,0.397012692,0.000611309,700644.77,540000,0.000611309
4/11/2021,15016.79219,614478.0954,570232.3482,6004.2318,558613.1273,144706.6056,21250,1930301.2,2929698.8,0.397181317,0.000168625,714938.95,540000,0.000168625
5/11/2021,14408.3366,605286.786,577065.8718,5745.518893,552901.3115,153951.9384,21250,1930609.763,2929390.237,0.397244807,6.35E-05,731017.81,540000,6.35E-05
6/11/2021,13816.85256,595997.2461,585167.6951,5480.127427,548913.1302,162546.8764,21250,1933171.928,2926828.072,0.397772002,0.000527194,747714.57,540000,0.000527194
7/11/2021,13343.95673,587406.431,594123.5648,5299.85008,545678.7969,169796.7175,21250,1936899.317,2923100.683,0.398538954,0.000766953,763920.28,540000,0.000766953
8/11/2021,16094.19149,578932.3132,604264.03,6379.31924,542096.9256,176185.6368,21250,1945202.416,2914797.584,0.400247411,0.001708457,780449.67,540000,0.001708457
9/11/2021,15349.25691,570351.5782,615202.5039,6090.146347,539066.1658,181076.7167,21250,1948386.368,2911613.632,0.400902545,0.000655134,796279.22,540000,0.000655134
10/11/2021,14523.29788,561477.0616,627207.3757,5748.170307,535564.28,184436.0598,21250,1950206.245,2909793.755,0.401277005,0.00037446,811643.44,540000,0.00037446
11/11/2021,13923.84709,552972.3549,638689.1316,5532.242707,531958.4359,188130.4378,21250,1952456.45,2907543.55,0.40174001,0.000463005,826819.57,540000,0.000463005
12/11/2021,13195.28999,544205.0198,650669.8357,5243.58884,528155.2356,191974.5454,21250,1954693.515,2905306.485,0.402200312,0.000460301,842644.38,540000,0.000460301
13/11/2021,12444.48352,535526.2878,662833.1878,4953.678053,524236.7265,195880.838,21250,1957125.202,2902874.798,0.402700659,0.000500347,858714.03,540000,0.000500347
14/11/2021,11882.77785,527283.5227,675029.2343,4733.848373,521133.1672,199803.2694,21250,1961115.82,2898884.18,0.403521774,0.000821115,874832.5,540000,0.000821115
15/11/2021,14530.00145,519176.3129,687306.6595,5774.38428,517625.1899,203757.9712,21250,1969420.519,2890579.481,0.40523056,0.001708786,891064.63,540000,0.001708786
16/11/2021,13680.81129,511007.3529,699030.9725,5450.674227,514641.8866,207565.9547,21250,1972627.652,2887372.348,0.405890463,0.000659904,906596.93,540000,0.000659904
17/11/2021,12765.65472,502544.4238,710753.1284,5073.60448,511194.6459,210910.7562,21250,1974492.214,2885507.786,0.406274118,0.000383655,921663.88,540000,0.000383655
18/11/2021,12079.15128,494477.0932,722328.9288,4821.48884,507599.838,214213.8325,21250,1976770.332,2883229.668,0.406742867,0.000468749,936542.76,540000,0.000468749
19/11/2021,11261.32784,486136.4546,734409.3238,4494.376973,503809.0303,217660.9917,21250,1979021.505,2880978.495,0.407206071,0.000463204,952070.32,540000,0.000463204
20/11/2021,10426.27647,477839.6283,746680.2879,4163.325507,499948.9846,221162.4148,21250,1981470.918,2878529.082,0.407710065,0.000503994,967842.7,540000,0.000503994
21/11/2021,9762.991653,469927.3663,758989.201,3913.248453,496903.8887,224674.7223,21250,1985421.418,2874578.582,0.408522926,0.00081286,983663.92,540000,0.00081286
22/11/2021,12321.01145,462141.1906,771386.5511,4918.47804,493454.3748,228212.2419,21250,1993683.848,2866316.152,0.410223014,0.001700088,999598.79,540000,0.001700088
23/11/2021,11377.29591,454292.9204,783239.4158,4559.0552,490529.8863,231594.4162,21250,1996842.99,2863157.01,0.410873043,0.000650029,1014833.83,540000,0.000650029
24/11/2021,10360.76029,446150.8687,794730.3055,4142.4894,487141.2728,234873.2265,21250,1998648.923,2861351.077,0.411244634,0.000371591,1029603.53,540000,0.000371591
25/11/2021,10007.76588,438404.7597,806074.7612,4019.286227,483604.7407,238110.39,21250,2001471.704,2858528.296,0.411825453,0.000580819,1044185.15,540000,0.000580819
26/11/2021,9519.674453,430385.0747,817923.8901,3820.34268,479876.5296,241491.558,21250,2004267.07,2855732.93,0.412400632,0.000575178,1059415.45,540000,0.000575178
27/11/2021,9030.507453,422408.9382,829963.588,3624.313187,476075.2987,244926.9899,21250,2007279.635,2852720.365,0.413020501,0.00061987,1074890.58,540000,0.00061987
28/11/2021,8709.380027,414513.6272,842041.2348,3502.692107,473088.5616,248373.3062,21250,2011478.802,2848521.198,0.413884527,0.000864026,1090414.54,540000,0.000864026
29/11/2021,11609.61975,406973.0318,854207.2403,4640.992627,469697.5941,251844.913,21250,2020223.392,2839776.608,0.415683825,0.001799298,1106052.15,540000,0.001799298
30/11/2021,11008.12412,399422.8953,865828.8388,4412.55836,466831.5691,255161.0961,21250,2023915.082,2836084.918,0.416443432,0.000759607,1120989.93,540000,0.000759607
1/12/2021,10335.76572,391578.9772,877088.4624,4129.84516,463501.419,258373.9152,21250,2026258.385,2833741.615,0.416925594,0.000482161,1135462.38,540000,0.000482161
2/12/2021,9995.265467,384130.9213,888201.6519,4013.66448,460023.4333,261545.0875,21250,2029160.024,2830839.976,0.417522639,0.000597045,1149746.74,540000,0.000597045
3/12/2021,9519.53688,376409.0255,899819.5145,3820.486507,456349.9868,264860.2643,21250,2032028.814,2827971.186,0.418112925,0.000590286,1164679.78,540000,0.000590286
4/12/2021,9030.513707,368731.2102,911627.9462,3624.288173,452607.0317,268229.7051,21250,2035100.695,2824899.305,0.418744999,0.000632074,1179857.65,540000,0.000632074
5/12/2021,8709.448813,361133.6885,923474.3269,3502.654587,449679.1094,271610.0301,21250,2039359.258,2820640.742,0.419621247,0.000876248,1195084.36,540000,0.000876248
6/12/2021,11609.68853,353790.6778,935409.0662,4640.96136,446346.7691,275015.6458,21250,2048062.809,2811937.191,0.421412101,0.001790854,1210424.71,540000,0.001790854
7/12/2021,11019.85537,346358.1772,946799.3984,4411.07632,443601.9017,278265.8377,21250,2051706.247,2808293.753,0.422161779,0.000749679,1225065.24,540000,0.000749679
8/12/2021,10346.03369,338675.6058,957827.7558,4129.820147,440349.1985,281412.6656,21250,2053991.08,2806008.92,0.422631909,0.00047013,1239240.42,540000,0.00047013
9/12/2021,10004.0514,331388.8966,968709.6791,4013.639467,436948.6597,284517.8467,21250,2056832.773,2803167.227,0.42321662,0.000584711,1253227.53,540000,0.000584711
10/12/2021,9537.327613,323779.3694,980096.2755,3820.448987,433402.4943,287767.0323,21250,2059652.948,2800347.052,0.423796903,0.000580283,1267863.31,540000,0.000580283
11/12/2021,9041.08184,316248.4718,991673.4411,3624.26316,429833.5745,291070.4818,21250,2062741.314,2797258.686,0.424432369,0.000635466,1282743.92,540000,0.000635466
12/12/2021,8717.384293,308900.1015,1003288.556,3502.629573,426991.0452,294384.8157,21250,2067034.532,2792965.468,0.425315747,0.000883378,1297673.37,540000,0.000883378
13/12/2021,11614.99136,301640.5657,1014992.029,4640.936347,423741.4073,297724.4401,21250,2075604.369,2784395.631,0.427079088,0.001763341,1312716.47,540000,0.001763341
14/12/2021,11010.86933,294337.8091,1026151.095,4412.50208,421000.5739,300908.6408,21250,2079071.49,2780928.51,0.427792488,0.000713399,1327059.74,540000,0.000713399
15/12/2021,10335.87828,286827.132,1036948.186,4129.78888,417793.4044,303989.4775,21250,2081273.867,2778726.133,0.428245652,0.000453164,1340937.66,540000,0.000453164
16/12/2021,9995.34676,279773.9425,1047598.843,4013.62696,414436.4347,307028.6674,21250,2084096.861,2775903.139,0.428826515,0.000580863,1354627.51,540000,0.000580863
17/12/2021,9518.886533,272517.3106,1058754.173,3820.686613,410862.7009,310211.8618,21250,2086935.62,2773064.38,0.429410621,0.000584107,1368966.03,540000,0.000584107
18/12/2021,9030.151013,265350.9862,1070100.073,3624.238147,407344.3617,313449.3202,21250,2090149.13,2769850.87,0.430071837,0.000661216,1383549.39,540000,0.000661216
19/12/2021,8709.186173,258316.5605,1081483.921,3502.610813,404524.0747,316697.6628,21250,2094484.016,2765515.984,0.430963789,0.000891952,1398181.58,540000,0.000891952
20/12/2021,11609.52595,251403.3777,1092956.128,4640.92384,401296.6791,319971.2961,21250,2103127.93,2756872.07,0.432742373,0.001778583,1412927.42,540000,0.001778583
21/12/2021,11008.13663,244436.1339,1103883.928,4412.495827,398597.4203,323089.5056,21250,2106677.62,2753322.38,0.433472761,0.000730389,1426973.43,540000,0.000730389
22/12/2021,10335.88453,237279.008,1114449.752,4129.782627,395431.8255,326104.3511,21250,2108980.604,2751019.396,0.433946626,0.000473865,1440554.1,540000,0.000473865
23/12/2021,9995.353013,230612.4696,1124869.143,4013.620707,392168.0755,329077.5498,21250,2111986.212,2748013.788,0.434565064,0.000618438,1453946.69,540000,0.000618438
24/12/2021,9519.61192,223684.5632,1135793.284,3820.442733,388869.9402,332194.6767,21250,2115132.518,2744867.482,0.435212452,0.000647388,1467987.96,540000,0.000647388
25/12/2021,9030.601253,216800.7372,1146907.917,3624.231893,385301.4439,335366.1439,21250,2118281.075,2741718.925,0.435860303,0.000647851,1482274.06,540000,0.000647851
26/12/2021,8709.523853,210273.1579,1158060.499,3502.60456,382548.2698,338548.4953,21250,2122892.55,2737107.45,0.436809167,0.000948863,1496608.99,540000,0.000948863
27/12/2021,11609.75107,204014.5802,1169301.44,4640.917587,379576.1553,341756.1374,21250,2132148.981,2727851.019,0.438713782,0.001904615,1511057.58,540000,0.001904615
28/12/2021,11008.24919,197721.276,1179997.973,4412.489573,376923.7913,344808.3557,21250,2136122.135,2723877.865,0.439531303,0.000817521,1524806.33,540000,0.000817521
29/12/2021,10335.88453,191480.9782,1190332.532,4129.776373,373791.887,347757.21,21250,2139078.268,2720921.732,0.440139561,0.000608258,1538089.74,540000,0.000608258
30/12/2021,9995.390533,185876.3897,1200520.657,4013.614453,370496.3467,350664.4175,21250,2142816.815,2717183.185,0.44090881,0.000769248,1551185.07,540000,0.000769248
31/12/2021,9519.586907,180216.2711,1211213.531,3820.448987,366994.8632,353715.5533,21250,2146730.254,2713269.746,0.441714044,0.000805234,1564929.08,540000,0.000805234
1/1/2022,9030.601253,174831.9372,1222096.898,3624.231893,363494.0895,356821.0292,21250,2151148.787,2708851.213,0.442623207,0.000909163,1578917.93,540000,0.000909163
2/1/2022,8709.580133,169688.8239,1233018.213,3502.592053,360792.6527,359937.3895,21250,2156899.252,2703100.748,0.44380643,0.001183223,1592955.6,540000,0.001183223
3/1/2022,11609.80109,164639.5718,1243235.139,4640.911333,354755.5518,363871.7894,21250,2164002.764,2695997.236,0.445268058,0.001461628,1607106.93,540000,0.001461628
4/1/2022,11008.24293,159528.6907,1252902.474,4412.495827,352159.2509,367655.949,21250,2168917.103,2691082.897,0.446279239,0.001011181,1620558.42,540000,0.001011181
5/1/2022,10335.87828,154414.5898,1262200.895,4129.776373,349075.6023,371343.6834,21250,2172750.425,2687249.575,0.447067989,0.000788749,1633544.58,540000,0.000788749
6/1/2022,9995.38428,149932.245,1271344.576,4013.614453,345833.2674,374998.0773,21250,2177367.164,2682632.836,0.448017935,0.000949946,1646342.65,540000,0.000949946
7/1/2022,9519.636933,145369.3479,1279668.734,3820.43648,337789.3843,380120.6717,21250,2177538.211,2682461.789,0.44805313,3.52E-05,1659789.41,540000,3.52E-05
8/1/2022,9030.620013,141016.6587,1288159.831,3624.231893,334285.3555,385321.1601,21250,2182687.857,2677312.143,0.449112728,0.001059598,1673480.99,540000,0.001059598
9/1/2022,8709.53636,136914.1212,1296674.547,3502.60456,331634.9648,390546.8632,21250,2189232.637,2670767.363,0.45045939,0.001346662,1687221.41,540000,0.001346662
10/1/2022,11609.75732,133009.6625,1305257.802,4640.917587,328551.7967,395817.6757,21250,2200137.612,2659862.388,0.452703212,0.002243822,1701075.48,540000,0.002243822
11/1/2022,11008.24919,129061.7901,1313283.311,4412.489573,326015.1726,400946.4039,21250,2205977.416,2654022.584,0.453904818,0.001201606,1714229.72,540000,0.001201606
12/1/2022,10335.88453,125105.4858,1320928.93,4129.776373,322977.5512,405989.6834,21250,2210717.311,2649282.689,0.454880105,0.000975287,1726918.61,540000,0.000975287
13/1/2022,9995.390533,121779.5932,1328406.392,4013.614453,319754.9387,411013.0383,21250,2216212.968,2643787.032,0.456010899,0.001130793,1739419.43,540000,0.001130793
14/1/2022,9519.586907,118392.9452,1336365.355,3820.448987,316315.4134,416203.5704,21250,2221867.32,2638132.68,0.457174346,0.001163447,1752568.93,540000,0.001163447
15/1/2022,9030.601253,115239.5206,1345306.887,3624.231893,312873.7113,420656.3673,21250,2227981.319,2632018.681,0.45843237,0.001258024,1765963.25,540000,0.001258024
16/1/2022,8709.336253,112355.5758,1354277.369,3502.79216,310293.0781,425129.046,21250,2235517.197,2624482.803,0.459982962,0.001550592,1779406.42,540000,0.001550592
17/1/2022,11609.626,109724.8375,1363323.526,4641.086427,307286.5762,429639.6995,21250,2247475.352,2612524.648,0.462443488,0.002460526,1792963.23,540000,0.002460526
18/1/2022,11008.26169,107219.1023,1371820.487,4412.477067,304811.7187,433999.7181,21250,2254521.765,2605478.235,0.463893367,0.001449879,1805820.21,540000,0.001449879
19/1/2022,10335.89704,104448.543,1381300.051,4129.763867,301836.424,436911.7953,21250,2260212.474,2599787.526,0.465064295,0.001170928,1818211.85,540000,0.001170928
20/1/2022,9995.40304,102424.057,1390635.768,4013.601947,298676.5083,439779.638,21250,2266774.977,2593225.023,0.466414604,0.001350309,1830415.41,540000,0.001350309
21/1/2022,9519.655693,100364.8129,1400467.73,3820.423973,295299.6587,442799.9139,21250,2273522.195,2586477.805,0.467802921,0.001388317,1843267.64,540000,0.001388317
22/1/2022,9030.638773,98381.68527,1410487.022,3624.219387,291920.4448,445877.6929,21250,2280571.703,2579428.297,0.469253437,0.001450516,1856364.71,540000,0.001450516
23/1/2022,8709.36752,96728.58814,1420543.656,3502.779653,289394.9518,448966.9622,21250,2289096.306,2570903.694,0.47100747,0.001754034,1869510.62,540000,0.001754034
24/1/2022,11609.59473,95191.61227,1430687.182,4641.086427,286436.5985,452082.9892,21250,2301899.064,2558100.936,0.473641783,0.002634312,1882770.17,540000,0.002634312
25/1/2022,11008.28045,93856.85094,1440295.392,4412.46456,284024.7892,455034.5021,21250,2309882.279,2550117.721,0.47528442,0.001642637,1895329.89,540000,0.001642637
26/1/2022,10335.90955,92496.27171,1449547.631,4129.75136,281111.9826,457876.6465,21250,2316748.193,2543251.807,0.476697159,0.001412739,1907424.28,540000,0.001412739
27/1/2022,9995.378027,91572.02814,1458655.947,4013.58944,278013.9165,460674.6326,21250,2324175.492,2535824.508,0.47822541,0.001528251,1919330.58,540000,0.001528251
28/1/2022,9519.636933,90643.24777,1468260.508,3820.411467,274699.3936,463625.0518,21250,2331818.25,2528181.75,0.479797994,0.001572584,1931885.56,540000,0.001572584
29/1/2022,9030.626267,89808.0608,1478052.321,3624.20688,271382.5063,466633.0527,21250,2339780.774,2520219.226,0.481436373,0.001638379,1944685.37,540000,0.001638379
30/1/2022,8709.361267,89055.38753,1487881.555,3502.767147,268919.34,469652.4654,21250,2348970.876,2511029.124,0.483327341,0.001890968,1957534.02,540000,0.001890968
31/1/2022,11609.65101,88375.0353,1497797.756,4641.061413,266013.697,472698.5595,21250,2362385.761,2497614.239,0.486087605,0.002760264,1970496.32,540000,0.002760264
1/2/2022,11008.28671,87633.51473,1507178.486,4412.452053,263670.6129,475580.2943,21250,2370733.647,2489266.353,0.487805277,0.001717672,1982758.78,540000,0.001717672
2/2/2022,10335.92205,86679.74396,1516203.246,4129.738853,260820.133,478352.6605,21250,2377771.445,2482228.555,0.489253384,0.001448106,1994555.91,540000,0.001448106
3/2/2022,9995.240453,86188.41913,1525084.16,4013.764533,257785.1151,481080.7922,21250,2385397.491,2474602.509,0.490822529,0.001569145,2006164.95,540000,0.001569145
4/2/2022,9519.63068,85472.44086,1534461.318,3820.405213,254544.9163,483961.357,21250,2393030.068,2466969.932,0.492393018,0.001570489,2018422.67,540000,0.001570489
5/2/2022,9030.67004,84823.75373,1544025.806,3624.18812,251290.7048,486899.4251,21250,2400944.547,2459055.453,0.494021512,0.001628494,2030925.23,540000,0.001628494
6/2/2022,8709.398787,84294.1555,1553627.636,3502.748387,248897.5155,489848.9834,21250,2410130.438,2449869.562,0.495911613,0.001890101,2043476.62,540000,0.001890101
7/2/2022,11609.626,83867.80613,1563316.359,4641.05516,246053.6391,492825.2993,21250,2423563.785,2436436.215,0.498675676,0.002764063,2056141.66,540000,0.002764063
8/2/2022,11008.11787,83384.2588,1572469.764,4412.620893,243766.6446,495637.1013,21250,2431928.508,2428071.492,0.500396812,0.001721136,2068106.87,540000,0.001721136
9/2/2022,10335.75321,82623.60047,1581267.2,4129.90144,240987.9501,498339.5347,21250,2438933.94,2421066.06,0.501838259,0.001441447,2079606.73,540000,0.001441447
10/2/2022,9995.227947,82297.3377,1589920.712,4013.733267,238014.6987,500997.8098,21250,2446489.52,2413510.48,0.503392905,0.001554646,2090918.52,540000,0.001554646
11/2/2022,9519.680707,81735.11417,1599070.47,3820.36144,234837.178,503808.518,21250,2454041.322,2405958.678,0.504946774,0.001553869,2102878.99,540000,0.001553869
12/2/2022,9030.67004,81242.0598,1608407.478,3624.156853,231668.7775,506676.8079,21250,2461899.95,2398100.05,0.506563776,0.001617002,2115084.29,540000,0.001617002
13/2/2022,8709.40504,80857.98673,1617781.908,3502.71712,229351.5196,509556.5096,21250,2471010.046,2388989.954,0.508438281,0.001874505,2127338.42,540000,0.001874505
14/2/2022,11609.69479,80558.9024,1627243.306,4641.011387,226612.0338,512462.8927,21250,2484377.841,2375622.159,0.511188856,0.002750575,2139706.2,540000,0.002750575
15/2/2022,11008.13663,80200.20583,1636169.232,4412.59588,224386.8059,515204.9165,21250,2492631.893,2367368.107,0.512887221,0.001698365,2151374.15,540000,0.001698365
16/2/2022,10335.77197,79591.75686,1644739.189,4129.88268,221661.1408,517837.5717,21250,2499545.313,2360454.687,0.514309735,0.001422514,2162576.76,540000,0.001422514
17/2/2022,9995.284227,79422.01913,1653165.298,4013.714507,218755.1419,520425.9924,21250,2507027.45,2352972.55,0.51584927,0.001539535,2173591.29,540000,0.001539535
18/2/2022,9519.674453,79021.45796,1662087.652,3820.355187,215653.3473,523166.8462,21250,2514519.334,2345480.666,0.517390809,0.00154154,2185254.5,540000,0.00154154
19/2/2022,9030.526213,78693.88853,1671197.336,3624.325693,212562.3736,525965.2033,21250,2522323.654,2337676.346,0.518996637,0.001605827,2197162.54,540000,0.001605827
20/2/2022,8709.448813,78469.4129,1680344.363,3502.692107,210306.0023,528775.0506,21250,2531356.97,2328643.03,0.520855344,0.001858707,2209119.41,540000,0.001858707
21/2/2022,11609.67603,78334.74043,1689578.282,4640.99888,207721.3321,531611.6555,21250,2544746.685,2315253.315,0.523610429,0.002755085,2221189.94,540000,0.002755085
22/2/2022,11008.16789,78155.5481,1698276.884,4412.570867,205559.1524,534283.7465,21250,2552946.07,2307053.93,0.525297545,0.001687116,2232560.63,540000,0.001687116
23/2/2022,10335.79699,77697.53267,1706619.515,4129.857667,202897.6189,536846.4688,21250,2559776.79,2300223.21,0.526703043,0.001405498,2243465.98,540000,0.001405498
24/2/2022,9995.29048,77666.8101,1714818.224,4013.689493,200058.3651,539365.033,21250,2567167.412,2292832.588,0.528223747,0.001520704,2254183.26,540000,0.001520704
25/2/2022,9519.74324,77390.80137,1723513.178,3820.317667,197017.3346,542036.0302,21250,2574547.405,2285452.595,0.529742264,0.001518517,2265549.21,540000,0.001518517
26/2/2022,9030.51996,77177.2021,1732395.382,3624.30068,193977.5945,544764.609,21250,2582219.609,2277780.391,0.531320907,0.001578643,2277159.99,540000,0.001578643
27/2/2022,8709.448813,77056.57563,1741315.009,3502.667093,191764.0578,547504.5998,21250,2591102.358,2268897.642,0.533148633,0.001827726,2288819.61,540000,0.001827726
28/2/2022,11609.68228,77018.21446,1750321.603,4640.973867,189145.6535,550271.2719,21250,2604257.399,2255742.601,0.535855432,0.002706799,2300592.87,540000,0.002706799
1/3/2022,11008.18665,76919.74979,1758792.725,4412.545853,187045.4279,552873.5847,21250,2612302.22,2247697.78,0.537510745,0.001655313,2311666.31,540000,0.001655313
2/3/2022,10335.822,76544.35271,1766907.878,4129.832653,184446.2738,555366.5288,21250,2618980.688,2241019.312,0.538884915,0.00137417,2322274.41,540000,0.00137417
3/3/2022,9995.334253,76584.27529,1774879.183,4013.651973,181722.0565,557815.2386,21250,2626259.74,2233740.26,0.540382663,0.001497747,2332694.42,540000,0.001497747
4/3/2022,9519.53688,76367.52091,1783346.734,3820.486507,178890.9302,560416.3814,21250,2633611.59,2226388.41,0.541895389,0.001512726,2343763.12,540000,0.001512726
5/3/2022,9030.55748,76203.55589,1792001.614,3624.275667,176094.0832,563075.0274,21250,2641279.114,2218720.886,0.543473069,0.00157768,2355076.64,540000,0.00157768
6/3/2022,8709.48008,76131.50256,1800693.837,3502.64208,174049.1187,565745.1637,21250,2650081.744,2209918.256,0.54528431,0.001811241,2366439,540000,0.001811241
7/3/2022,11609.70729,76142.16213,1809472.952,4640.948853,171655.7093,568442.0577,21250,2663213.537,2196786.463,0.547986325,0.002702015,2377915.01,540000,0.002702015
8/3/2022,11008.20541,76092.7973,1817716.75,4412.514587,169742.7544,570974.4377,21250,2671197.459,2188802.541,0.549629107,0.001642782,2388691.19,540000,0.001642782
9/3/2022,10335.83451,75763.70327,1825604.578,4129.801387,167293.5583,573397.449,21250,2677774.924,2182225.076,0.550982495,0.001353388,2399002.03,540000,0.001353388
10/3/2022,9995.30924,75847.1665,1833348.483,4013.639467,164766.2161,575776.3021,21250,2684997.116,2175002.884,0.552468542,0.001486048,2409124.78,540000,0.001486048
11/3/2022,9519.5744,75670.80017,1841588.632,3820.461493,162115.8462,578307.5883,21250,2692272.903,2167727.097,0.553965618,0.001497075,2419896.22,540000,0.001497075
12/3/2022,9030.57624,75545.4414,1850016.033,3624.26316,159507.2907,580896.4562,21250,2699870.061,2160129.939,0.555528819,0.001563201,2430912.49,540000,0.001563201
13/3/2022,8709.505093,75515.11263,1858480.856,3502.629573,157607.3544,583496.7359,21250,2708562.193,2151437.807,0.557317324,0.001788505,2441977.59,540000,0.001788505
14/3/2022,11609.73856,75562.04526,1867032.646,4640.936347,155466.5679,586123.6971,21250,2721685.631,2138314.369,0.56001762,0.002700296,2453156.34,540000,0.002700296
15/3/2022,11008.24293,75547.82509,1875048.965,4412.50208,153624.5695,588586.2988,21250,2729478.403,2130521.597,0.561621071,0.001603451,2463635.26,540000,0.001603451
16/3/2022,10335.87828,75253.51851,1882709.313,4129.78888,151378.5902,590939.532,21250,2735996.621,2124003.379,0.562962268,0.001341197,2473648.85,540000,0.001341197
17/3/2022,9995.38428,75367.58179,1890225.815,4013.62696,149063.2319,593248.5307,21250,2743164.171,2116835.829,0.564437072,0.001474804,2483474.35,540000,0.001474804
18/3/2022,9519.580653,75211.54371,1898238.562,3820.461493,146652.0568,595709.9626,21250,2750402.167,2109597.833,0.565926372,0.0014893,2493948.52,540000,0.0014893
19/3/2022,9030.626267,75149.63559,1906438.638,3624.238147,144239.2594,598228.8976,21250,2757961.295,2102038.705,0.567481748,0.001555376,2504667.54,540000,0.001555376
20/3/2022,8709.542613,75191.28786,1914676.058,3502.610813,142468.8615,600759.3229,21250,2766557.684,2093442.316,0.569250552,0.001768804,2515435.38,540000,0.001768804
21/3/2022,11609.76357,75312.95263,1923000.369,4640.92384,140504.7205,603316.5059,21250,2779635.235,2080364.765,0.571941406,0.002690854,2526316.87,540000,0.002690854
22/3/2022,11008.25544,75373.9728,1930789.363,4412.495827,138798.7306,605709.1748,21250,2787341.993,2072658.007,0.573527159,0.001585753,2536498.54,540000,0.001585753
23/3/2022,10335.88453,75155.46897,1938222.387,4129.782627,136710.5589,607992.4752,21250,2793796.557,2066203.443,0.574855259,0.0013281,2546214.86,540000,0.0013281
24/3/2022,9995.353013,75345.7868,1945511.488,4013.620707,134575.7033,610231.6173,21250,2800923.569,2059076.431,0.576321722,0.001466463,2555743.11,540000,0.001466463
25/3/2022,9519.61192,75272.92377,1953296.834,3820.442733,132343.7712,612623.1925,21250,2808126.776,2051873.224,0.577803863,0.001482141,2565920.03,540000,0.001482141
26/3/2022,9030.601253,75250.9704,1961269.431,3624.231893,130029.2721,615072.3494,21250,2815526.856,2044473.144,0.579326514,0.00152265,2576341.78,540000,0.00152265
27/3/2022,8709.523853,75317.48813,1969279.45,3502.60456,128427.617,617532.9181,21250,2824019.601,2035980.399,0.581073992,0.001747478,2586812.37,540000,0.001747478
28/3/2022,11609.75107,75461.50116,1977376.436,4640.917587,126616.9735,620020.1682,21250,2836975.748,2023024.252,0.583739866,0.002665874,2597396.6,540000,0.002665874
29/3/2022,11008.24919,75544.62949,1984937.951,4412.489573,125012.6829,622343.059,21250,2844509.061,2015490.939,0.58528993,0.001550065,2607281.01,540000,0.001550065
30/3/2022,10335.88453,75345.44461,1992143.496,4129.776373,123094.5146,624556.5812,21250,2850855.697,2009144.303,0.586595822,0.001305892,2616700.08,540000,0.001305892
31/3/2022,9995.390533,75543.97079,1999205.194,4013.614453,121243.3673,626725.8689,21250,2857977.406,2002022.594,0.588061195,0.001465372,2625931.06,540000,0.001465372
