,Date,Lockdown,Gathering_Max,Mall_Distancing,Recreation,Workplace_Closure,Workplace_Gathering,Worship,Dine_in_Max,School_Restriction
0,2020-01-23,0,7.006492321624085e-46,0.0359375,0.0,0.0,7.006492321624085e-46,0.0,7.006492321624085e-46,0.0
1,2020-01-24,0,7.006492321624085e-46,0.0359375,0.0,0.0,7.006492321624085e-46,0.0,7.006492321624085e-46,0.0
2,2020-01-25,0,7.006492321624085e-46,0.0359375,0.0,0.0,7.006492321624085e-46,0.0,7.006492321624085e-46,0.0
3,2020-01-26,0,7.006492321624085e-46,0.0359375,0.0,0.0,7.006492321624085e-46,0.0,7.006492321624085e-46,0.0
4,2020-01-27,0,7.006492321624085e-46,0.0359375,0.0,0.0,7.006492321624085e-46,0.0,7.006492321624085e-46,0.0
5,2020-01-28,0,7.006492321624085e-46,0.0359375,0.0,0.0,7.006492321624085e-46,0.0,7.006492321624085e-46,0.0
6,2020-01-29,0,7.006492321624085e-46,0.0359375,0.0,0.0,7.006492321624085e-46,0.0,7.006492321624085e-46,0.0
7,2020-01-30,0,7.006492321624085e-46,0.0359375,0.0,0.0,7.006492321624085e-46,0.0,7.006492321624085e-46,0.0
8,2020-01-31,0,7.006492321624085e-46,0.0359375,0.0,0.0,7.006492321624085e-46,0.0,7.006492321624085e-46,0.0
9,2020-02-01,0,7.006492321624085e-46,0.0359375,0.0,0.0,7.006492321624085e-46,0.0,7.006492321624085e-46,0.0
10,2020-02-02,0,7.006492321624085e-46,0.0359375,0.0,0.0,7.006492321624085e-46,0.0,7.006492321624085e-46,0.0
11,2020-02-03,0,7.006492321624085e-46,0.0359375,0.0,0.0,7.006492321624085e-46,0.0,7.006492321624085e-46,0.0
12,2020-02-04,0,7.006492321624085e-46,0.0359375,0.0,0.0,7.006492321624085e-46,0.0,7.006492321624085e-46,0.0
13,2020-02-05,0,7.006492321624085e-46,0.0359375,0.0,0.0,7.006492321624085e-46,0.0,7.006492321624085e-46,0.0
14,2020-02-06,0,7.006492321624085e-46,0.0359375,0.0,0.0,7.006492321624085e-46,0.0,7.006492321624085e-46,0.0
15,2020-02-07,0,7.006492321624085e-46,0.0359375,0.0,0.0,7.006492321624085e-46,0.0,7.006492321624085e-46,0.0
16,2020-02-08,0,7.006492321624085e-46,0.0359375,0.0,0.0,7.006492321624085e-46,0.0,7.006492321624085e-46,0.0
17,2020-02-09,0,7.006492321624085e-46,0.0359375,0.0,0.0,7.006492321624085e-46,0.0,7.006492321624085e-46,0.0
18,2020-02-10,0,7.006492321624085e-46,0.0359375,0.0,0.0,7.006492321624085e-46,0.0,7.006492321624085e-46,0.0
19,2020-02-11,0,7.006492321624085e-46,0.0359375,0.0,0.0,7.006492321624085e-46,0.0,7.006492321624085e-46,0.0
20,2020-02-12,0,7.006492321624085e-46,0.0359375,0.0,0.0,7.006492321624085e-46,0.0,7.006492321624085e-46,0.0
21,2020-02-13,0,7.006492321624085e-46,0.0359375,0.0,0.0,7.006492321624085e-46,0.0,7.006492321624085e-46,0.0
22,2020-02-14,0,7.006492321624085e-46,0.0359375,0.0,0.0,7.006492321624085e-46,0.0,7.006492321624085e-46,0.0
23,2020-02-15,0,7.006492321624085e-46,0.0359375,0.0,0.0,7.006492321624085e-46,0.0,7.006492321624085e-46,0.0
24,2020-02-16,0,7.006492321624085e-46,0.0359375,0.0,0.0,7.006492321624085e-46,0.0,7.006492321624085e-46,0.0
25,2020-02-17,0,7.006492321624085e-46,0.0359375,0.0,0.0,7.006492321624085e-46,0.0,7.006492321624085e-46,0.0
26,2020-02-18,0,7.006492321624085e-46,0.0359375,0.0,0.0,7.006492321624085e-46,0.0,7.006492321624085e-46,0.0
27,2020-02-19,0,7.006492321624085e-46,0.0359375,0.0,0.0,7.006492321624085e-46,0.0,7.006492321624085e-46,0.0
28,2020-02-20,0,7.006492321624085e-46,0.0359375,0.0,0.0,7.006492321624085e-46,0.0,7.006492321624085e-46,0.0
29,2020-02-21,0,7.006492321624085e-46,0.0359375,0.0,0.0,7.006492321624085e-46,0.0,7.006492321624085e-46,0.0
30,2020-02-22,0,7.006492321624085e-46,0.0359375,0.0,0.0,7.006492321624085e-46,0.0,7.006492321624085e-46,0.0
31,2020-02-23,0,7.006492321624085e-46,0.0359375,0.0,0.0,7.006492321624085e-46,0.0,7.006492321624085e-46,0.0
32,2020-02-24,0,7.006492321624085e-46,0.0359375,0.0,0.0,7.006492321624085e-46,0.0,7.006492321624085e-46,0.0
33,2020-02-25,0,7.006492321624085e-46,0.0359375,0.0,0.0,7.006492321624085e-46,0.0,7.006492321624085e-46,0.0
34,2020-02-26,0,7.006492321624085e-46,0.0359375,0.0,0.0,7.006492321624085e-46,0.0,7.006492321624085e-46,0.0
35,2020-02-27,0,7.006492321624085e-46,0.0359375,0.0,0.0,7.006492321624085e-46,0.0,7.006492321624085e-46,0.0
36,2020-02-28,0,7.006492321624085e-46,0.0359375,0.0,0.0,7.006492321624085e-46,0.0,7.006492321624085e-46,0.0
37,2020-02-29,0,7.006492321624085e-46,0.0359375,0.0,0.0,7.006492321624085e-46,0.0,7.006492321624085e-46,0.0
38,2020-03-01,0,7.006492321624085e-46,0.0359375,0.0,0.0,7.006492321624085e-46,0.0,7.006492321624085e-46,0.0
39,2020-03-02,0,7.006492321624085e-46,0.0359375,0.0,0.0,7.006492321624085e-46,0.0,7.006492321624085e-46,0.0
40,2020-03-03,0,7.006492321624085e-46,0.0359375,0.0,0.0,7.006492321624085e-46,0.0,7.006492321624085e-46,0.0
41,2020-03-04,0,7.006492321624085e-46,0.0359375,0.0,0.0,7.006492321624085e-46,0.0,7.006492321624085e-46,0.0
42,2020-03-05,0,7.006492321624085e-46,0.0359375,0.0,0.0,7.006492321624085e-46,0.0,7.006492321624085e-46,0.0
43,2020-03-06,0,7.006492321624085e-46,0.0359375,0.0,0.0,7.006492321624085e-46,0.0,7.006492321624085e-46,0.0
44,2020-03-07,0,7.006492321624085e-46,0.0359375,0.0,0.0,7.006492321624085e-46,0.0,7.006492321624085e-46,0.0
45,2020-03-08,0,7.006492321624085e-46,0.0359375,0.0,0.0,7.006492321624085e-46,0.0,7.006492321624085e-46,0.0
46,2020-03-09,0,7.006492321624085e-46,0.0359375,0.0,0.0,7.006492321624085e-46,0.0,7.006492321624085e-46,0.0
47,2020-03-10,0,7.006492321624085e-46,0.0359375,0.0,0.0,7.006492321624085e-46,0.0,7.006492321624085e-46,0.0
48,2020-03-11,0,7.006492321624085e-46,0.0359375,0.0,0.0,7.006492321624085e-46,0.0,7.006492321624085e-46,0.0
49,2020-03-12,0,7.006492321624085e-46,0.0359375,0.0,0.0,7.006492321624085e-46,0.0,7.006492321624085e-46,0.0
50,2020-03-13,0,7.006492321624085e-46,0.0359375,0.0,0.0,7.006492321624085e-46,0.0,7.006492321624085e-46,0.0
51,2020-03-14,0,7.006492321624085e-46,0.0359375,0.0,0.0,7.006492321624085e-46,0.0,7.006492321624085e-46,0.0
52,2020-03-15,0,7.006492321624085e-46,0.0359375,0.0,0.0,7.006492321624085e-46,0.0,7.006492321624085e-46,0.0
53,2020-03-16,0,7.006492321624085e-46,0.0359375,0.0,0.0,7.006492321624085e-46,0.0,7.006492321624085e-46,0.0
54,2020-03-17,0,7.006492321624085e-46,0.0359375,0.0,0.0,7.006492321624085e-46,0.0,7.006492321624085e-46,0.0
55,2020-03-18,0,7.006492321624085e-46,0.0359375,0.0,0.0,7.006492321624085e-46,0.0,7.006492321624085e-46,0.0
56,2020-03-19,0,7.006492321624085e-46,0.0359375,0.0,0.0,7.006492321624085e-46,0.0,7.006492321624085e-46,0.0
57,2020-03-20,0,7.006492321624085e-46,0.0359375,0.0,0.0,7.006492321624085e-46,0.0,7.006492321624085e-46,0.0
58,2020-03-21,0,7.006492321624085e-46,0.0359375,0.0,0.0,7.006492321624085e-46,0.0,7.006492321624085e-46,0.0
59,2020-03-22,0,7.006492321624085e-46,0.0359375,0.0,0.0,7.006492321624085e-46,0.0,7.006492321624085e-46,0.0
60,2020-03-23,0,7.006492321624085e-46,0.0359375,0.0,0.0,7.006492321624085e-46,0.0,7.006492321624085e-46,0.0
61,2020-03-24,0,7.006492321624085e-46,0.0359375,0.0,0.0,7.006492321624085e-46,0.0,7.006492321624085e-46,0.0
62,2020-03-25,0,7.006492321624085e-46,0.0359375,0.0,0.0,7.006492321624085e-46,0.0,7.006492321624085e-46,0.0
63,2020-03-26,0,7.006492321624085e-46,0.0359375,0.0,0.0,7.006492321624085e-46,0.0,7.006492321624085e-46,0.0
64,2020-03-27,0,0.0009765625,0.5,1.0,0.0,7.006492321624085e-46,1.0,7.006492321624085e-46,0.0
65,2020-03-28,0,0.0009765625,0.5,1.0,0.0,7.006492321624085e-46,1.0,7.006492321624085e-46,0.0
66,2020-03-29,0,0.0009765625,0.5,1.0,0.0,7.006492321624085e-46,1.0,7.006492321624085e-46,0.0
67,2020-03-30,0,0.0009765625,0.5,1.0,0.0,7.006492321624085e-46,1.0,7.006492321624085e-46,0.0
68,2020-03-31,0,0.0009765625,0.5,1.0,0.0,7.006492321624085e-46,1.0,7.006492321624085e-46,0.0
69,2020-04-01,0,0.0009765625,0.5,1.0,0.0,7.006492321624085e-46,1.0,7.006492321624085e-46,0.0
70,2020-04-02,0,0.0009765625,0.5,1.0,0.0,7.006492321624085e-46,1.0,7.006492321624085e-46,0.0
71,2020-04-03,0,0.0009765625,0.5,1.0,0.0,7.006492321624085e-46,1.0,7.006492321624085e-46,0.0
72,2020-04-04,0,0.0009765625,0.5,1.0,0.0,7.006492321624085e-46,1.0,7.006492321624085e-46,0.0
73,2020-04-05,0,0.0009765625,0.5,1.0,0.0,7.006492321624085e-46,1.0,7.006492321624085e-46,0.0
74,2020-04-06,0,0.0009765625,0.5,1.0,0.0,7.006492321624085e-46,1.0,7.006492321624085e-46,0.0
75,2020-04-07,1,1.0,1.0,1.0,1.0,1.0,1.0,1.0,0.0
76,2020-04-08,1,1.0,1.0,1.0,1.0,1.0,1.0,1.0,1.0
77,2020-04-09,1,1.0,1.0,1.0,1.0,1.0,1.0,1.0,1.0
78,2020-04-10,1,1.0,1.0,1.0,1.0,1.0,1.0,1.0,1.0
79,2020-04-11,1,1.0,1.0,1.0,1.0,1.0,1.0,1.0,1.0
80,2020-04-12,1,1.0,1.0,1.0,1.0,1.0,1.0,1.0,1.0
81,2020-04-13,1,1.0,1.0,1.0,1.0,1.0,1.0,1.0,1.0
82,2020-04-14,1,1.0,1.0,1.0,1.0,1.0,1.0,1.0,1.0
83,2020-04-15,1,1.0,1.0,1.0,1.0,1.0,1.0,1.0,1.0
84,2020-04-16,1,1.0,1.0,1.0,1.0,1.0,1.0,1.0,1.0
85,2020-04-17,1,1.0,1.0,1.0,1.0,1.0,1.0,1.0,1.0
86,2020-04-18,1,1.0,1.0,1.0,1.0,1.0,1.0,1.0,1.0
87,2020-04-19,1,1.0,1.0,1.0,1.0,1.0,1.0,1.0,1.0
88,2020-04-20,1,1.0,1.0,1.0,1.0,1.0,1.0,1.0,1.0
89,2020-04-21,1,1.0,1.0,1.0,1.0,1.0,1.0,1.0,1.0
90,2020-04-22,1,1.0,1.0,1.0,1.0,1.0,1.0,1.0,1.0
91,2020-04-23,1,1.0,1.0,1.0,1.0,1.0,1.0,1.0,1.0
92,2020-04-24,1,1.0,1.0,1.0,1.0,1.0,1.0,1.0,1.0
93,2020-04-25,1,1.0,1.0,1.0,1.0,1.0,1.0,1.0,1.0
94,2020-04-26,1,1.0,1.0,1.0,1.0,1.0,1.0,1.0,1.0
95,2020-04-27,1,1.0,1.0,1.0,1.0,1.0,1.0,1.0,1.0
96,2020-04-28,1,1.0,1.0,1.0,1.0,1.0,1.0,1.0,1.0
97,2020-04-29,1,1.0,1.0,1.0,1.0,1.0,1.0,1.0,1.0
98,2020-04-30,1,1.0,1.0,1.0,1.0,1.0,1.0,1.0,1.0
99,2020-05-01,1,1.0,1.0,1.0,1.0,1.0,1.0,1.0,1.0
100,2020-05-02,1,1.0,1.0,1.0,1.0,1.0,1.0,1.0,1.0
101,2020-05-03,1,1.0,1.0,1.0,1.0,1.0,1.0,1.0,1.0
102,2020-05-04,1,1.0,1.0,1.0,0.6699999999999999,1.0,1.0,1.0,1.0
103,2020-05-05,1,1.0,1.0,1.0,0.6699999999999999,1.0,1.0,1.0,1.0
104,2020-05-06,1,1.0,1.0,1.0,0.6699999999999999,1.0,1.0,1.0,1.0
105,2020-05-07,1,1.0,1.0,1.0,0.6699999999999999,1.0,1.0,1.0,1.0
106,2020-05-08,1,1.0,1.0,1.0,0.6699999999999999,1.0,1.0,1.0,1.0
107,2020-05-09,1,1.0,1.0,1.0,0.6699999999999999,1.0,1.0,1.0,1.0
108,2020-05-10,1,1.0,1.0,1.0,0.6699999999999999,1.0,1.0,1.0,1.0
109,2020-05-11,1,1.0,1.0,1.0,0.6699999999999999,1.0,1.0,1.0,1.0
110,2020-05-12,1,1.0,1.0,1.0,0.6699999999999999,1.0,1.0,1.0,1.0
111,2020-05-13,1,1.0,1.0,1.0,0.6699999999999999,1.0,1.0,1.0,1.0
112,2020-05-14,1,1.0,1.0,1.0,0.6699999999999999,1.0,1.0,1.0,1.0
113,2020-05-15,1,1.0,1.0,1.0,0.6699999999999999,1.0,1.0,1.0,1.0
114,2020-05-16,1,1.0,1.0,1.0,0.6699999999999999,1.0,1.0,1.0,1.0
115,2020-05-17,1,1.0,1.0,1.0,0.6699999999999999,1.0,1.0,1.0,1.0
116,2020-05-18,1,1.0,1.0,1.0,0.6699999999999999,1.0,1.0,1.0,1.0
117,2020-05-19,1,1.0,1.0,1.0,0.6699999999999999,1.0,1.0,1.0,1.0
118,2020-05-20,1,1.0,1.0,1.0,0.6699999999999999,1.0,1.0,1.0,1.0
119,2020-05-21,1,1.0,1.0,1.0,0.6699999999999999,1.0,1.0,1.0,1.0
120,2020-05-22,1,1.0,1.0,1.0,0.6699999999999999,1.0,1.0,1.0,1.0
121,2020-05-23,1,1.0,1.0,1.0,0.6699999999999999,1.0,1.0,1.0,1.0
122,2020-05-24,1,1.0,1.0,1.0,0.6699999999999999,1.0,1.0,1.0,1.0
123,2020-05-25,1,1.0,1.0,1.0,0.6699999999999999,1.0,1.0,1.0,1.0
124,2020-05-26,1,1.0,1.0,1.0,0.6699999999999999,1.0,1.0,1.0,1.0
125,2020-05-27,1,1.0,1.0,1.0,0.6699999999999999,1.0,1.0,1.0,1.0
126,2020-05-28,1,1.0,1.0,1.0,0.6699999999999999,1.0,1.0,1.0,1.0
127,2020-05-29,1,1.0,1.0,1.0,0.6699999999999999,1.0,1.0,1.0,1.0
128,2020-05-30,1,1.0,1.0,1.0,0.6699999999999999,1.0,1.0,1.0,1.0
129,2020-05-31,1,1.0,1.0,1.0,0.6699999999999999,1.0,1.0,1.0,1.0
130,2020-06-01,1,1.0,1.0,1.0,0.6699999999999999,1.0,1.0,1.0,1.0
131,2020-06-02,1,0.03125,1.0,1.0,0.5,0.03125,1.0,1.0,0.65
132,2020-06-03,0,0.03125,1.0,1.0,0.5,0.03125,1.0,1.0,0.65
133,2020-06-04,0,0.03125,1.0,1.0,0.5,0.03125,1.0,1.0,0.65
134,2020-06-05,0,0.03125,1.0,1.0,0.5,0.03125,1.0,1.0,0.65
135,2020-06-06,0,0.03125,1.0,1.0,0.5,0.03125,1.0,1.0,0.65
136,2020-06-07,0,0.03125,1.0,1.0,0.5,0.03125,1.0,1.0,0.65
137,2020-06-08,0,0.03125,1.0,1.0,0.5,0.03125,1.0,1.0,0.65
138,2020-06-09,0,0.03125,1.0,1.0,0.5,0.03125,1.0,1.0,0.65
139,2020-06-10,0,0.03125,1.0,1.0,0.5,0.03125,1.0,1.0,0.65
140,2020-06-11,0,0.03125,1.0,1.0,0.5,0.03125,1.0,1.0,0.65
141,2020-06-12,0,0.03125,1.0,1.0,0.5,0.03125,1.0,1.0,0.65
142,2020-06-13,0,0.03125,1.0,1.0,0.5,0.03125,1.0,1.0,0.65
143,2020-06-14,0,0.03125,1.0,1.0,0.5,0.03125,1.0,1.0,0.65
144,2020-06-15,0,0.03125,1.0,1.0,0.5,0.03125,1.0,1.0,0.65
145,2020-06-16,0,0.03125,1.0,1.0,0.5,0.03125,1.0,1.0,0.65
146,2020-06-17,0,0.03125,1.0,1.0,0.5,0.03125,1.0,1.0,0.65
147,2020-06-18,0,0.03125,1.0,1.0,0.5,0.03125,1.0,1.0,0.65
148,2020-06-19,0,0.03125,0.3125,1.0,0.5,0.03125,1.0,0.03125,0.65
149,2020-06-20,0,0.03125,0.3125,1.0,0.5,0.03125,1.0,0.03125,0.65
150,2020-06-21,0,0.03125,0.3125,1.0,0.5,0.03125,1.0,0.03125,0.65
151,2020-06-22,0,0.03125,0.3125,1.0,0.5,0.03125,1.0,0.03125,0.65
152,2020-06-23,0,0.03125,0.3125,1.0,0.5,0.03125,1.0,0.03125,0.65
153,2020-06-24,0,0.03125,0.3125,1.0,0.5,0.03125,1.0,0.03125,0.65
154,2020-06-25,0,0.03125,0.3125,1.0,0.5,0.03125,1.0,0.03125,0.65
155,2020-06-26,0,0.03125,0.3125,1.0,0.5,0.03125,0.75,0.03125,0.65
156,2020-06-27,0,0.03125,0.3125,1.0,0.5,0.03125,0.75,0.03125,0.65
157,2020-06-28,0,0.03125,0.3125,1.0,0.5,0.03125,0.75,0.03125,0.65
158,2020-06-29,0,0.03125,0.3125,1.0,0.5,0.03125,0.75,0.03125,0.19999999999999996
159,2020-06-30,0,0.03125,0.3125,1.0,0.5,0.03125,0.75,0.03125,0.19999999999999996
160,2020-07-01,0,0.03125,0.3125,0.35,0.5,0.03125,0.75,0.03125,0.19999999999999996
161,2020-07-02,0,0.03125,0.3125,0.35,0.5,0.03125,0.75,0.03125,0.19999999999999996
162,2020-07-03,0,0.03125,0.3125,0.35,0.5,0.03125,0.75,0.03125,0.19999999999999996
163,2020-07-04,0,0.03125,0.3125,0.35,0.5,0.03125,0.75,0.03125,0.19999999999999996
164,2020-07-05,0,0.03125,0.3125,0.35,0.5,0.03125,0.75,0.03125,0.19999999999999996
165,2020-07-06,0,0.03125,0.3125,0.35,0.5,0.03125,0.75,0.03125,0.19999999999999996
166,2020-07-07,0,0.03125,0.3125,0.35,0.5,0.03125,0.75,0.03125,0.19999999999999996
167,2020-07-08,0,0.03125,0.3125,0.35,0.5,0.03125,0.75,0.03125,0.19999999999999996
168,2020-07-09,0,0.03125,0.3125,0.35,0.5,0.03125,0.75,0.03125,0.19999999999999996
169,2020-07-10,0,0.03125,0.3125,0.35,0.5,0.03125,0.75,0.03125,0.19999999999999996
170,2020-07-11,0,0.03125,0.3125,0.35,0.5,0.03125,0.75,0.03125,0.19999999999999996
171,2020-07-12,0,0.03125,0.3125,0.35,0.5,0.03125,0.75,0.03125,0.19999999999999996
172,2020-07-13,0,0.03125,0.3125,0.35,0.5,0.03125,0.75,0.03125,0.19999999999999996
173,2020-07-14,0,0.03125,0.3125,0.35,0.5,0.03125,0.75,0.03125,0.19999999999999996
174,2020-07-15,0,0.03125,0.3125,0.35,0.5,0.03125,0.75,0.03125,0.19999999999999996
175,2020-07-16,0,0.03125,0.3125,0.35,0.5,0.03125,0.75,0.03125,0.19999999999999996
176,2020-07-17,0,0.03125,0.3125,0.35,0.5,0.03125,0.75,0.03125,0.19999999999999996
177,2020-07-18,0,0.03125,0.3125,0.35,0.5,0.03125,0.75,0.03125,0.19999999999999996
178,2020-07-19,0,0.03125,0.3125,0.35,0.5,0.03125,0.75,0.03125,0.19999999999999996
179,2020-07-20,0,0.03125,0.3125,0.35,0.5,0.03125,0.75,0.03125,0.19999999999999996
180,2020-07-21,0,0.03125,0.3125,0.35,0.5,0.03125,0.75,0.03125,0.19999999999999996
181,2020-07-22,0,0.03125,0.3125,0.35,0.5,0.03125,0.75,0.03125,0.19999999999999996
182,2020-07-23,0,0.03125,0.3125,0.35,0.5,0.03125,0.75,0.03125,0.19999999999999996
183,2020-07-24,0,0.03125,0.3125,0.35,0.5,0.03125,0.75,0.03125,0.19999999999999996
184,2020-07-25,0,0.03125,0.3125,0.35,0.5,0.03125,0.75,0.03125,0.19999999999999996
185,2020-07-26,0,0.03125,0.3125,0.35,0.5,0.03125,0.75,0.03125,0.19999999999999996
186,2020-07-27,0,0.03125,0.3125,0.35,0.5,0.03125,0.75,0.03125,0.19999999999999996
187,2020-07-28,0,0.03125,0.3125,0.35,0.5,0.03125,0.75,0.03125,0.19999999999999996
188,2020-07-29,0,0.03125,0.3125,0.35,0.5,0.03125,0.75,0.03125,0.19999999999999996
189,2020-07-30,0,0.03125,0.3125,0.35,0.5,0.03125,0.75,0.03125,0.19999999999999996
190,2020-07-31,0,0.03125,0.3125,0.35,0.5,0.03125,0.75,0.03125,0.19999999999999996
191,2020-08-01,0,0.03125,0.3125,0.35,0.5,0.03125,0.75,0.03125,0.19999999999999996
192,2020-08-02,0,0.03125,0.3125,0.35,0.5,0.03125,0.75,0.03125,0.19999999999999996
193,2020-08-03,0,0.03125,0.3125,0.35,0.5,0.03125,0.75,0.03125,0.19999999999999996
194,2020-08-04,0,0.03125,0.3125,0.35,0.5,0.03125,0.75,0.03125,0.19999999999999996
195,2020-08-05,0,0.03125,0.3125,0.35,0.5,0.03125,0.75,0.03125,0.19999999999999996
196,2020-08-06,0,0.03125,0.3125,0.35,0.5,0.03125,0.75,0.03125,0.19999999999999996
197,2020-08-07,0,0.03125,0.3125,0.35,0.5,0.03125,0.75,0.03125,0.19999999999999996
198,2020-08-08,0,0.03125,0.3125,0.35,0.5,0.03125,0.75,0.03125,0.19999999999999996
199,2020-08-09,0,0.03125,0.3125,0.35,0.5,0.03125,0.75,0.03125,0.19999999999999996
200,2020-08-10,0,0.03125,0.3125,0.35,0.5,0.03125,0.75,0.03125,0.19999999999999996
201,2020-08-11,0,0.03125,0.3125,0.35,0.5,0.03125,0.75,0.03125,0.19999999999999996
202,2020-08-12,0,0.03125,0.3125,0.35,0.5,0.03125,0.75,0.03125,0.19999999999999996
203,2020-08-13,0,0.03125,0.3125,0.35,0.5,0.03125,0.75,0.03125,0.19999999999999996
204,2020-08-14,0,0.03125,0.3125,0.35,0.5,0.03125,0.75,0.03125,0.19999999999999996
205,2020-08-15,0,0.03125,0.3125,0.35,0.5,0.03125,0.75,0.03125,0.19999999999999996
206,2020-08-16,0,0.03125,0.3125,0.35,0.5,0.03125,0.75,0.03125,0.19999999999999996
207,2020-08-17,0,0.03125,0.3125,0.35,0.5,0.03125,0.75,0.03125,0.19999999999999996
208,2020-08-18,0,0.03125,0.3125,0.35,0.5,0.03125,0.75,0.03125,0.19999999999999996
209,2020-08-19,0,0.03125,0.3125,0.35,0.5,0.03125,0.75,0.03125,0.19999999999999996
210,2020-08-20,0,0.03125,0.3125,0.35,0.5,0.03125,0.75,0.03125,0.19999999999999996
211,2020-08-21,0,0.03125,0.3125,0.35,0.5,0.03125,0.75,0.03125,0.19999999999999996
212,2020-08-22,0,0.03125,0.3125,0.35,0.5,0.03125,0.75,0.03125,0.19999999999999996
213,2020-08-23,0,0.03125,0.3125,0.35,0.5,0.03125,0.75,0.03125,0.19999999999999996
214,2020-08-24,0,0.03125,0.3125,0.35,0.5,0.03125,0.75,0.03125,0.19999999999999996
215,2020-08-25,0,0.03125,0.3125,0.35,0.5,0.03125,0.75,0.03125,0.19999999999999996
216,2020-08-26,0,0.03125,0.3125,0.35,0.5,0.03125,0.75,0.03125,0.19999999999999996
217,2020-08-27,0,0.03125,0.3125,0.35,0.5,0.03125,0.75,0.03125,0.19999999999999996
218,2020-08-28,0,0.03125,0.3125,0.35,0.5,0.03125,0.75,0.03125,0.19999999999999996
219,2020-08-29,0,0.03125,0.3125,0.35,0.5,0.03125,0.75,0.03125,0.19999999999999996
220,2020-08-30,0,0.03125,0.3125,0.35,0.5,0.03125,0.75,0.03125,0.19999999999999996
221,2020-08-31,0,0.03125,0.3125,0.35,0.5,0.03125,0.75,0.03125,0.19999999999999996
222,2020-09-01,0,0.03125,0.3125,0.35,0.5,0.03125,0.75,0.03125,0.19999999999999996
223,2020-09-02,0,0.03125,0.3125,0.35,0.5,0.03125,0.75,0.03125,0.19999999999999996
224,2020-09-03,0,0.03125,0.3125,0.35,0.5,0.03125,0.75,0.03125,0.19999999999999996
225,2020-09-04,0,0.03125,0.3125,0.35,0.5,0.03125,0.75,0.03125,0.19999999999999996
226,2020-09-05,0,0.03125,0.3125,0.35,0.5,0.03125,0.75,0.03125,0.19999999999999996
227,2020-09-06,0,0.03125,0.3125,0.35,0.5,0.03125,0.75,0.03125,0.19999999999999996
228,2020-09-07,0,0.03125,0.3125,0.35,0.5,0.03125,0.75,0.03125,0.19999999999999996
229,2020-09-08,0,0.03125,0.3125,0.35,0.5,0.03125,0.75,0.03125,0.19999999999999996
230,2020-09-09,0,0.03125,0.3125,0.35,0.5,0.03125,0.75,0.03125,0.19999999999999996
231,2020-09-10,0,0.03125,0.3125,0.35,0.5,0.03125,0.75,0.03125,0.19999999999999996
232,2020-09-11,0,0.03125,0.3125,0.35,0.5,0.03125,0.75,0.03125,0.19999999999999996
233,2020-09-12,0,0.03125,0.3125,0.35,0.5,0.03125,0.75,0.03125,0.19999999999999996
234,2020-09-13,0,0.03125,0.3125,0.35,0.5,0.03125,0.75,0.03125,0.19999999999999996
235,2020-09-14,0,0.03125,0.3125,0.35,0.5,0.03125,0.75,0.03125,0.19999999999999996
236,2020-09-15,0,0.03125,0.3125,0.35,0.5,0.03125,0.75,0.03125,0.19999999999999996
237,2020-09-16,0,0.03125,0.3125,0.35,0.5,0.03125,0.75,0.03125,0.19999999999999996
238,2020-09-17,0,0.03125,0.3125,0.35,0.5,0.03125,0.75,0.03125,0.19999999999999996
239,2020-09-18,0,0.03125,0.3125,0.35,0.5,0.03125,0.75,0.03125,0.19999999999999996
240,2020-09-19,0,0.03125,0.3125,0.35,0.5,0.03125,0.75,0.03125,0.19999999999999996
241,2020-09-20,0,0.03125,0.3125,0.35,0.5,0.03125,0.75,0.03125,0.19999999999999996
242,2020-09-21,0,0.03125,0.3125,0.35,0.5,0.03125,0.75,0.03125,0.19999999999999996
243,2020-09-22,0,0.03125,0.3125,0.35,0.5,0.03125,0.75,0.03125,0.19999999999999996
244,2020-09-23,0,0.03125,0.3125,0.35,0.5,0.03125,0.75,0.03125,0.19999999999999996
245,2020-09-24,0,0.03125,0.3125,0.35,0.5,0.03125,0.75,0.03125,0.19999999999999996
246,2020-09-25,0,0.03125,0.3125,0.35,0.5,0.03125,0.75,0.03125,0.19999999999999996
247,2020-09-26,0,0.03125,0.3125,0.35,0.5,0.03125,0.75,0.03125,0.19999999999999996
248,2020-09-27,0,0.03125,0.3125,0.35,0.5,0.03125,0.75,0.03125,0.19999999999999996
249,2020-09-28,0,0.03125,0.3125,0.35,0.5,0.03125,0.75,0.03125,0.19999999999999996
250,2020-09-29,0,0.03125,0.3125,0.35,0.5,0.03125,0.75,0.03125,0.19999999999999996
251,2020-09-30,0,0.03125,0.3125,0.35,0.5,0.03125,0.75,0.03125,0.19999999999999996
252,2020-10-01,0,0.03125,0.3125,0.35,0.5,0.03125,0.75,0.03125,0.19999999999999996
253,2020-10-02,0,0.03125,0.3125,0.35,0.5,0.03125,0.75,0.03125,0.19999999999999996
254,2020-10-03,0,0.03125,0.3125,0.35,0.5,0.03125,0.75,0.03125,0.19999999999999996
255,2020-10-04,0,0.03125,0.3125,0.35,0.5,0.03125,0.75,0.03125,0.19999999999999996
256,2020-10-05,0,0.03125,0.3125,0.35,0.5,0.03125,0.75,0.03125,0.19999999999999996
257,2020-10-06,0,0.03125,0.3125,0.35,0.5,0.03125,0.75,0.03125,0.19999999999999996
258,2020-10-07,0,0.03125,0.3125,0.35,0.5,0.03125,0.75,0.03125,0.19999999999999996
259,2020-10-08,0,0.03125,0.3125,0.35,0.5,0.03125,0.75,0.03125,0.19999999999999996
260,2020-10-09,0,0.03125,0.3125,0.35,0.5,0.03125,0.75,0.03125,0.19999999999999996
261,2020-10-10,0,0.03125,0.3125,0.35,0.5,0.03125,0.75,0.03125,0.19999999999999996
262,2020-10-11,0,0.03125,0.3125,0.35,0.5,0.03125,0.75,0.03125,0.19999999999999996
263,2020-10-12,0,0.03125,0.3125,0.35,0.5,0.03125,0.75,0.03125,0.19999999999999996
264,2020-10-13,0,0.03125,0.3125,0.35,0.5,0.03125,0.75,0.03125,0.19999999999999996
265,2020-10-14,0,0.03125,0.3125,0.35,0.5,0.03125,0.75,0.03125,0.19999999999999996
266,2020-10-15,0,0.03125,0.3125,0.35,0.5,0.03125,0.75,0.03125,0.19999999999999996
267,2020-10-16,0,0.03125,0.3125,0.35,0.5,0.03125,0.75,0.03125,0.19999999999999996
268,2020-10-17,0,0.03125,0.3125,0.35,0.5,0.03125,0.75,0.03125,0.19999999999999996
269,2020-10-18,0,0.03125,0.3125,0.35,0.5,0.03125,0.75,0.03125,0.19999999999999996
270,2020-10-19,0,0.03125,0.3125,0.35,0.5,0.03125,0.75,0.03125,0.19999999999999996
271,2020-10-20,0,0.03125,0.3125,0.35,0.5,0.03125,0.75,0.03125,0.19999999999999996
272,2020-10-21,0,0.03125,0.3125,0.35,0.5,0.03125,0.75,0.03125,0.19999999999999996
273,2020-10-22,0,0.03125,0.3125,0.35,0.5,0.03125,0.75,0.03125,0.19999999999999996
274,2020-10-23,0,0.03125,0.3125,0.35,0.5,0.03125,0.75,0.03125,0.19999999999999996
275,2020-10-24,0,0.03125,0.3125,0.35,0.5,0.03125,0.75,0.03125,0.19999999999999996
276,2020-10-25,0,0.03125,0.3125,0.35,0.5,0.03125,0.75,0.03125,0.19999999999999996
277,2020-10-26,0,0.03125,0.3125,0.35,0.5,0.03125,0.75,0.03125,0.19999999999999996
278,2020-10-27,0,0.03125,0.3125,0.35,0.5,0.03125,0.75,0.03125,0.19999999999999996
279,2020-10-28,0,0.03125,0.3125,0.35,0.5,0.03125,0.75,0.03125,0.19999999999999996
280,2020-10-29,0,0.03125,0.3125,0.35,0.5,0.03125,0.75,0.03125,0.19999999999999996
281,2020-10-30,0,0.03125,0.3125,0.35,0.5,0.03125,0.75,0.03125,0.19999999999999996
282,2020-10-31,0,0.03125,0.3125,0.35,0.5,0.03125,0.75,0.03125,0.19999999999999996
283,2020-11-01,0,0.03125,0.3125,0.35,0.5,0.03125,0.75,0.03125,0.19999999999999996
284,2020-11-02,0,0.03125,0.3125,0.35,0.5,0.03125,0.75,0.03125,0.19999999999999996
285,2020-11-03,0,0.03125,0.3125,0.35,0.5,0.03125,0.75,0.03125,0.19999999999999996
286,2020-11-04,0,0.03125,0.3125,0.35,0.5,0.03125,0.75,0.03125,0.19999999999999996
287,2020-11-05,0,0.03125,0.3125,0.35,0.5,0.03125,0.75,0.03125,0.19999999999999996
288,2020-11-06,0,0.03125,0.3125,0.35,0.5,0.03125,0.75,0.03125,0.19999999999999996
289,2020-11-07,0,0.03125,0.3125,0.35,0.5,0.03125,0.75,0.03125,0.19999999999999996
290,2020-11-08,0,0.03125,0.3125,0.35,0.5,0.03125,0.75,0.03125,0.19999999999999996
291,2020-11-09,0,0.03125,0.3125,0.35,0.5,0.03125,0.75,0.03125,0.19999999999999996
292,2020-11-10,0,0.03125,0.3125,0.35,0.5,0.03125,0.75,0.03125,0.19999999999999996
293,2020-11-11,0,0.03125,0.3125,0.35,0.5,0.03125,0.75,0.03125,0.19999999999999996
294,2020-11-12,0,0.03125,0.3125,0.35,0.5,0.03125,0.75,0.03125,0.19999999999999996
295,2020-11-13,0,0.03125,0.3125,0.35,0.5,0.03125,0.75,0.03125,0.19999999999999996
296,2020-11-14,0,0.03125,0.3125,0.35,0.5,0.03125,0.75,0.03125,0.19999999999999996
297,2020-11-15,0,0.03125,0.3125,0.35,0.5,0.03125,0.75,0.03125,0.19999999999999996
298,2020-11-16,0,0.03125,0.3125,0.35,0.5,0.03125,0.75,0.03125,0.19999999999999996
299,2020-11-17,0,0.03125,0.3125,0.35,0.5,0.03125,0.75,0.03125,0.19999999999999996
300,2020-11-18,0,0.03125,0.3125,0.35,0.5,0.03125,0.75,0.03125,0.19999999999999996
301,2020-11-19,0,0.03125,0.3125,0.35,0.5,0.03125,0.75,0.03125,0.19999999999999996
302,2020-11-20,0,0.03125,0.3125,0.35,0.5,0.03125,0.75,0.03125,0.19999999999999996
303,2020-11-21,0,0.03125,0.3125,0.35,0.5,0.03125,0.75,0.03125,0.19999999999999996
304,2020-11-22,0,0.03125,0.3125,0.35,0.5,0.03125,0.75,0.03125,0.19999999999999996
305,2020-11-23,0,0.03125,0.3125,0.35,0.5,0.03125,0.75,0.03125,0.19999999999999996
306,2020-11-24,0,0.03125,0.3125,0.35,0.5,0.03125,0.75,0.03125,0.19999999999999996
307,2020-11-25,0,0.03125,0.3125,0.35,0.5,0.03125,0.75,0.03125,0.19999999999999996
308,2020-11-26,0,0.03125,0.3125,0.35,0.5,0.03125,0.75,0.03125,0.19999999999999996
309,2020-11-27,0,0.03125,0.3125,0.35,0.5,0.03125,0.75,0.03125,0.19999999999999996
310,2020-11-28,0,0.03125,0.3125,0.35,0.5,0.03125,0.75,0.03125,0.19999999999999996
311,2020-11-29,0,0.03125,0.3125,0.35,0.5,0.03125,0.75,0.03125,0.19999999999999996
312,2020-11-30,0,0.03125,0.3125,0.35,0.5,0.03125,0.75,0.03125,0.19999999999999996
313,2020-12-01,0,0.03125,0.3125,0.35,0.5,0.03125,0.75,0.03125,0.19999999999999996
314,2020-12-02,0,0.03125,0.3125,0.35,0.5,0.03125,0.75,0.03125,0.19999999999999996
315,2020-12-03,0,0.03125,0.3125,0.35,0.5,0.03125,0.75,0.03125,0.19999999999999996
316,2020-12-04,0,0.03125,0.3125,0.35,0.5,0.03125,0.75,0.03125,0.19999999999999996
317,2020-12-05,0,0.03125,0.3125,0.35,0.5,0.03125,0.75,0.03125,0.19999999999999996
318,2020-12-06,0,0.03125,0.3125,0.35,0.5,0.03125,0.75,0.03125,0.19999999999999996
319,2020-12-07,0,0.03125,0.3125,0.35,0.5,0.03125,0.75,0.03125,0.19999999999999996
320,2020-12-08,0,0.03125,0.3125,0.35,0.5,0.03125,0.75,0.03125,0.19999999999999996
321,2020-12-09,0,0.03125,0.3125,0.35,0.5,0.03125,0.75,0.03125,0.19999999999999996
322,2020-12-10,0,0.03125,0.3125,0.35,0.5,0.03125,0.75,0.03125,0.19999999999999996
323,2020-12-11,0,0.03125,0.3125,0.35,0.5,0.03125,0.75,0.03125,0.19999999999999996
324,2020-12-12,0,0.03125,0.3125,0.35,0.5,0.03125,0.75,0.03125,0.19999999999999996
325,2020-12-13,0,0.03125,0.3125,0.35,0.5,0.03125,0.75,0.03125,0.19999999999999996
326,2020-12-14,0,0.03125,0.3125,0.35,0.5,0.03125,0.75,0.03125,0.19999999999999996
327,2020-12-15,0,0.03125,0.3125,0.35,0.5,0.03125,0.75,0.03125,0.19999999999999996
328,2020-12-16,0,0.03125,0.3125,0.35,0.5,0.03125,0.75,0.03125,0.19999999999999996
329,2020-12-17,0,0.03125,0.3125,0.35,0.5,0.03125,0.75,0.03125,0.19999999999999996
330,2020-12-18,0,0.03125,0.3125,0.35,0.5,0.03125,0.75,0.03125,0.19999999999999996
331,2020-12-19,0,0.03125,0.3125,0.35,0.5,0.03125,0.75,0.03125,0.19999999999999996
332,2020-12-20,0,0.03125,0.3125,0.35,0.5,0.03125,0.75,0.03125,0.19999999999999996
333,2020-12-21,0,0.03125,0.3125,0.35,0.5,0.03125,0.75,0.03125,0.19999999999999996
334,2020-12-22,0,0.03125,0.3125,0.35,0.5,0.03125,0.75,0.03125,0.19999999999999996
335,2020-12-23,0,0.03125,0.3125,0.35,0.5,0.03125,0.75,0.03125,0.19999999999999996
336,2020-12-24,0,0.03125,0.3125,0.35,0.5,0.03125,0.75,0.03125,0.19999999999999996
337,2020-12-25,0,0.03125,0.3125,0.35,0.5,0.03125,0.75,0.03125,0.19999999999999996
338,2020-12-26,0,0.03125,0.3125,0.35,0.5,0.03125,0.75,0.03125,0.19999999999999996
339,2020-12-27,0,0.03125,0.3125,0.35,0.5,0.03125,0.75,0.03125,0.19999999999999996
340,2020-12-28,0,0.00390625,0.25,0.35,0.25,0.00390625,0.35,0.00390625,0.19999999999999996
341,2020-12-29,0,0.00390625,0.25,0.35,0.25,0.00390625,0.35,0.00390625,0.19999999999999996
342,2020-12-30,0,0.00390625,0.25,0.35,0.25,0.00390625,0.35,0.00390625,0.19999999999999996
343,2020-12-31,0,0.00390625,0.25,0.35,0.25,0.00390625,0.35,0.00390625,0.19999999999999996
344,2021-01-01,0,0.00390625,0.25,0.35,0.25,0.00390625,0.35,0.00390625,0.19999999999999996
345,2021-01-02,0,0.00390625,0.25,0.35,0.25,0.00390625,0.35,0.00390625,0.19999999999999996
346,2021-01-03,0,0.00390625,0.25,0.35,0.25,0.00390625,0.35,0.00390625,0.19999999999999996
347,2021-01-04,0,0.00390625,0.25,0.35,0.25,0.00390625,0.35,0.00390625,0.19999999999999996
348,2021-01-05,0,0.00390625,0.25,0.35,0.25,0.00390625,0.35,0.00390625,0.19999999999999996
349,2021-01-06,0,0.00390625,0.25,0.35,0.25,0.00390625,0.35,0.00390625,0.19999999999999996
350,2021-01-07,0,0.00390625,0.25,0.35,0.25,0.00390625,0.35,0.00390625,0.19999999999999996
351,2021-01-08,0,0.00390625,0.25,0.35,0.25,0.00390625,0.35,0.00390625,0.19999999999999996
352,2021-01-09,0,0.00390625,0.25,0.35,0.25,0.00390625,0.35,0.00390625,0.19999999999999996
353,2021-01-10,0,0.00390625,0.25,0.35,0.25,0.00390625,0.35,0.00390625,0.19999999999999996
354,2021-01-11,0,0.00390625,0.25,0.35,0.25,0.00390625,0.35,0.00390625,0.19999999999999996
355,2021-01-12,0,0.00390625,0.25,0.35,0.25,0.00390625,0.35,0.00390625,0.19999999999999996
356,2021-01-13,0,0.00390625,0.25,0.35,0.25,0.00390625,0.35,0.00390625,0.19999999999999996
357,2021-01-14,0,0.00390625,0.25,0.35,0.25,0.00390625,0.35,0.00390625,0.19999999999999996
358,2021-01-15,0,0.00390625,0.25,0.35,0.25,0.00390625,0.35,0.00390625,0.19999999999999996
359,2021-01-16,0,0.00390625,0.25,0.35,0.25,0.00390625,0.35,0.00390625,0.19999999999999996
360,2021-01-17,0,0.00390625,0.25,0.35,0.25,0.00390625,0.35,0.00390625,0.19999999999999996
361,2021-01-18,0,0.00390625,0.25,0.35,0.25,0.00390625,0.35,0.00390625,0.19999999999999996
362,2021-01-19,0,0.00390625,0.25,0.35,0.25,0.00390625,0.35,0.00390625,0.19999999999999996
363,2021-01-20,0,0.00390625,0.25,0.35,0.25,0.00390625,0.35,0.00390625,0.19999999999999996
364,2021-01-21,0,0.00390625,0.25,0.35,0.25,0.00390625,0.35,0.00390625,0.19999999999999996
365,2021-01-22,0,0.00390625,0.25,0.35,0.25,0.00390625,0.35,0.00390625,0.19999999999999996
366,2021-01-23,0,0.00390625,0.25,0.35,0.25,0.00390625,0.35,0.00390625,0.19999999999999996
367,2021-01-24,0,0.00390625,0.25,0.35,0.25,0.00390625,0.35,0.00390625,0.19999999999999996
368,2021-01-25,0,0.00390625,0.25,0.35,0.25,0.00390625,0.35,0.00390625,0.19999999999999996
369,2021-01-26,0,0.00390625,0.25,0.35,0.25,0.00390625,0.35,0.00390625,0.19999999999999996
370,2021-01-27,0,0.00390625,0.25,0.35,0.25,0.00390625,0.35,0.00390625,0.19999999999999996
371,2021-01-28,0,0.00390625,0.25,0.35,0.25,0.00390625,0.35,0.00390625,0.19999999999999996
372,2021-01-29,0,0.00390625,0.25,0.35,0.25,0.00390625,0.35,0.00390625,0.19999999999999996
373,2021-01-30,0,0.00390625,0.25,0.35,0.25,0.00390625,0.35,0.00390625,0.19999999999999996
374,2021-01-31,0,0.00390625,0.25,0.35,0.25,0.00390625,0.35,0.00390625,0.19999999999999996
375,2021-02-01,0,0.00390625,0.25,0.35,0.25,0.00390625,0.35,0.00390625,0.19999999999999996
376,2021-02-02,0,0.00390625,0.25,0.35,0.25,0.00390625,0.35,0.00390625,0.19999999999999996
377,2021-02-03,0,0.00390625,0.25,0.35,0.25,0.00390625,0.35,0.00390625,0.19999999999999996
378,2021-02-04,0,0.00390625,0.25,0.35,0.25,0.00390625,0.35,0.00390625,0.19999999999999996
379,2021-02-05,0,0.00390625,0.25,0.35,0.25,0.00390625,0.35,0.00390625,0.19999999999999996
380,2021-02-06,0,0.00390625,0.25,0.35,0.25,0.00390625,0.35,0.00390625,0.19999999999999996
381,2021-02-07,0,0.00390625,0.25,0.35,0.25,0.00390625,0.35,0.00390625,0.19999999999999996
382,2021-02-08,0,0.00390625,0.25,0.35,0.25,0.00390625,0.35,0.00390625,0.19999999999999996
383,2021-02-09,0,0.00390625,0.25,0.35,0.25,0.00390625,0.35,0.00390625,0.19999999999999996
384,2021-02-10,0,0.00390625,0.25,0.35,0.25,0.00390625,0.35,0.00390625,0.19999999999999996
385,2021-02-11,0,0.00390625,0.25,0.35,0.25,0.00390625,0.35,0.00390625,0.19999999999999996
386,2021-02-12,0,0.00390625,0.25,0.35,0.25,0.00390625,0.35,0.00390625,0.19999999999999996
387,2021-02-13,0,0.00390625,0.25,0.35,0.25,0.00390625,0.35,0.00390625,0.19999999999999996
388,2021-02-14,0,0.00390625,0.25,0.35,0.25,0.00390625,0.35,0.00390625,0.19999999999999996
389,2021-02-15,0,0.00390625,0.25,0.35,0.25,0.00390625,0.35,0.00390625,0.19999999999999996
390,2021-02-16,0,0.00390625,0.25,0.35,0.25,0.00390625,0.35,0.00390625,0.19999999999999996
391,2021-02-17,0,0.00390625,0.25,0.35,0.25,0.00390625,0.35,0.00390625,0.19999999999999996
392,2021-02-18,0,0.00390625,0.25,0.35,0.25,0.00390625,0.35,0.00390625,0.19999999999999996
393,2021-02-19,0,0.00390625,0.25,0.35,0.25,0.00390625,0.35,0.00390625,0.19999999999999996
394,2021-02-20,0,0.00390625,0.25,0.35,0.25,0.00390625,0.35,0.00390625,0.19999999999999996
395,2021-02-21,0,0.00390625,0.25,0.35,0.25,0.00390625,0.35,0.00390625,0.19999999999999996
396,2021-02-22,0,0.00390625,0.25,0.35,0.25,0.00390625,0.35,0.00390625,0.19999999999999996
397,2021-02-23,0,0.00390625,0.25,0.35,0.25,0.00390625,0.35,0.00390625,0.19999999999999996
398,2021-02-24,0,0.00390625,0.25,0.35,0.25,0.00390625,0.35,0.00390625,0.19999999999999996
399,2021-02-25,0,0.00390625,0.25,0.35,0.25,0.00390625,0.35,0.00390625,0.19999999999999996
400,2021-02-26,0,0.00390625,0.25,0.35,0.25,0.00390625,0.35,0.00390625,0.19999999999999996
401,2021-02-27,0,0.00390625,0.25,0.35,0.25,0.00390625,0.35,0.00390625,0.19999999999999996
402,2021-02-28,0,0.00390625,0.25,0.35,0.25,0.00390625,0.35,0.00390625,0.19999999999999996
403,2021-03-01,0,0.00390625,0.25,0.35,0.25,0.00390625,0.35,0.00390625,0.19999999999999996
404,2021-03-02,0,0.00390625,0.25,0.35,0.25,0.00390625,0.35,0.00390625,0.19999999999999996
405,2021-03-03,0,0.00390625,0.25,0.35,0.25,0.00390625,0.35,0.00390625,0.19999999999999996
406,2021-03-04,0,0.00390625,0.25,0.35,0.25,0.00390625,0.35,0.00390625,0.19999999999999996
407,2021-03-05,0,0.00390625,0.25,0.35,0.25,0.00390625,0.35,0.00390625,0.19999999999999996
408,2021-03-06,0,0.00390625,0.25,0.35,0.25,0.00390625,0.35,0.00390625,0.19999999999999996
409,2021-03-07,0,0.00390625,0.25,0.35,0.25,0.00390625,0.35,0.00390625,0.19999999999999996
410,2021-03-08,0,0.00390625,0.25,0.35,0.25,0.00390625,0.35,0.00390625,0.19999999999999996
411,2021-03-09,0,0.00390625,0.25,0.35,0.25,0.00390625,0.35,0.00390625,0.19999999999999996
412,2021-03-10,0,0.00390625,0.25,0.35,0.25,0.00390625,0.35,0.00390625,0.19999999999999996
413,2021-03-11,0,0.00390625,0.25,0.35,0.25,0.00390625,0.35,0.00390625,0.19999999999999996
414,2021-03-12,0,0.00390625,0.25,0.35,0.25,0.00390625,0.35,0.00390625,0.19999999999999996
415,2021-03-13,0,0.00390625,0.25,0.35,0.25,0.00390625,0.35,0.00390625,0.19999999999999996
416,2021-03-14,0,0.00390625,0.25,0.35,0.25,0.00390625,0.35,0.00390625,0.19999999999999996
417,2021-03-15,0,0.00390625,0.25,0.35,0.25,0.00390625,0.35,0.00390625,0.19999999999999996
418,2021-03-16,0,0.00390625,0.25,0.35,0.25,0.00390625,0.35,0.00390625,0.19999999999999996
419,2021-03-17,0,0.00390625,0.25,0.35,0.25,0.00390625,0.35,0.00390625,0.19999999999999996
420,2021-03-18,0,0.00390625,0.25,0.35,0.25,0.00390625,0.35,0.00390625,0.19999999999999996
421,2021-03-19,0,0.00390625,0.25,0.35,0.25,0.00390625,0.35,0.00390625,0.19999999999999996
422,2021-03-20,0,0.00390625,0.25,0.35,0.25,0.00390625,0.35,0.00390625,0.19999999999999996
423,2021-03-21,0,0.00390625,0.25,0.35,0.25,0.00390625,0.35,0.00390625,0.19999999999999996
424,2021-03-22,0,0.00390625,0.25,0.35,0.25,0.00390625,0.35,0.00390625,0.19999999999999996
425,2021-03-23,0,0.00390625,0.25,0.35,0.25,0.00390625,0.35,0.00390625,0.19999999999999996
426,2021-03-24,0,0.00390625,0.25,0.35,0.25,0.00390625,0.35,0.00390625,0.19999999999999996
427,2021-03-25,0,0.00390625,0.25,0.35,0.25,0.00390625,0.35,0.00390625,0.19999999999999996
428,2021-03-26,0,0.00390625,0.25,0.35,0.25,0.00390625,0.35,0.00390625,0.19999999999999996
429,2021-03-27,0,0.00390625,0.25,0.35,0.25,0.00390625,0.35,0.00390625,0.19999999999999996
430,2021-03-28,0,0.00390625,0.25,0.35,0.25,0.00390625,0.35,0.00390625,0.19999999999999996
431,2021-03-29,0,0.00390625,0.25,0.35,0.25,0.00390625,0.35,0.00390625,0.19999999999999996
432,2021-03-30,0,0.00390625,0.25,0.35,0.25,0.00390625,0.35,0.00390625,0.19999999999999996
433,2021-03-31,0,0.00390625,0.25,0.35,0.25,0.00390625,0.35,0.00390625,0.19999999999999996
434,2021-04-01,0,0.00390625,0.25,0.35,0.25,0.00390625,0.35,0.00390625,0.19999999999999996
435,2021-04-02,0,0.00390625,0.25,0.35,0.25,0.00390625,0.35,0.00390625,0.19999999999999996
436,2021-04-03,0,0.00390625,0.25,0.35,0.25,0.00390625,0.35,0.00390625,0.19999999999999996
437,2021-04-04,0,0.00390625,0.25,0.35,0.25,0.00390625,0.35,0.00390625,0.19999999999999996
438,2021-04-05,0,0.00390625,0.25,0.35,0.25,0.00390625,0.35,0.00390625,0.19999999999999996
439,2021-04-06,0,0.00390625,0.25,0.35,0.25,0.00390625,0.35,0.00390625,0.19999999999999996
440,2021-04-07,0,0.00390625,0.25,0.35,0.25,0.00390625,0.35,0.00390625,0.19999999999999996
441,2021-04-08,0,0.00390625,0.25,0.35,0.25,0.00390625,0.35,0.00390625,0.19999999999999996
442,2021-04-09,0,0.00390625,0.25,0.35,0.25,0.00390625,0.35,0.00390625,0.19999999999999996
443,2021-04-10,0,0.00390625,0.25,0.35,0.25,0.00390625,0.35,0.00390625,0.19999999999999996
444,2021-04-11,0,0.00390625,0.25,0.35,0.25,0.00390625,0.35,0.00390625,0.19999999999999996
445,2021-04-12,0,0.00390625,0.25,0.35,0.25,0.00390625,0.35,0.00390625,0.19999999999999996
446,2021-04-13,0,0.00390625,0.25,0.35,0.25,0.00390625,0.35,0.00390625,0.19999999999999996
447,2021-04-14,0,0.00390625,0.25,0.35,0.25,0.00390625,0.35,0.00390625,0.19999999999999996
448,2021-04-15,0,0.00390625,0.25,0.35,0.25,0.00390625,0.35,0.00390625,0.19999999999999996
449,2021-04-16,0,0.00390625,0.25,0.35,0.25,0.00390625,0.35,0.00390625,0.19999999999999996
450,2021-04-17,0,0.00390625,0.25,0.35,0.25,0.00390625,0.35,0.00390625,0.19999999999999996
451,2021-04-18,0,0.00390625,0.25,0.35,0.25,0.00390625,0.35,0.00390625,0.19999999999999996
452,2021-04-19,0,0.00390625,0.25,0.35,0.25,0.00390625,0.35,0.00390625,0.19999999999999996
453,2021-04-20,0,0.00390625,0.25,0.35,0.25,0.00390625,0.35,0.00390625,0.19999999999999996
454,2021-04-21,0,0.00390625,0.25,0.35,0.25,0.00390625,0.35,0.00390625,0.19999999999999996
455,2021-04-22,0,0.00390625,0.25,0.35,0.25,0.00390625,0.35,0.00390625,0.19999999999999996
456,2021-04-23,0,0.00390625,0.25,0.35,0.25,0.00390625,0.35,0.00390625,0.19999999999999996
457,2021-04-24,0,0.00390625,0.25,0.35,0.25,0.00390625,0.35,0.00390625,0.19999999999999996
458,2021-04-25,0,0.00390625,0.25,0.35,0.25,0.00390625,0.35,0.00390625,0.19999999999999996
459,2021-04-26,0,0.00390625,0.25,0.35,0.25,0.00390625,0.35,0.00390625,0.19999999999999996
460,2021-04-27,0,0.00390625,0.25,0.35,0.25,0.00390625,0.35,0.00390625,0.19999999999999996
461,2021-04-28,0,0.00390625,0.25,0.35,0.25,0.00390625,0.35,0.00390625,0.19999999999999996
462,2021-04-29,0,0.00390625,0.25,0.35,0.25,0.00390625,0.35,0.00390625,0.19999999999999996
463,2021-04-30,0,0.00390625,0.25,0.35,0.25,0.00390625,0.35,0.00390625,0.19999999999999996
464,2021-05-01,0,0.00390625,0.25,0.35,0.25,0.00390625,0.35,0.00390625,0.19999999999999996
465,2021-05-02,0,0.00390625,0.25,0.35,0.25,0.00390625,0.35,0.00390625,0.19999999999999996
466,2021-05-03,0,0.00390625,0.25,0.35,0.25,0.00390625,0.35,0.00390625,0.19999999999999996
467,2021-05-04,0,0.00390625,0.25,0.35,0.25,0.00390625,0.35,0.00390625,0.19999999999999996
468,2021-05-05,0,0.00390625,0.25,0.35,0.25,0.00390625,0.35,0.00390625,0.19999999999999996
469,2021-05-06,0,0.00390625,0.25,0.35,0.25,0.00390625,0.35,0.00390625,0.19999999999999996
470,2021-05-07,0,0.00390625,0.25,0.35,0.25,0.00390625,0.35,0.00390625,0.19999999999999996
471,2021-05-08,0,0.03125,0.25,0.5,0.5,0.03125,0.5,0.03125,0.19999999999999996
472,2021-05-09,0,0.03125,0.25,0.5,0.5,0.03125,0.5,0.03125,0.19999999999999996
473,2021-05-10,0,0.03125,0.25,0.5,0.5,0.03125,0.5,0.03125,0.19999999999999996
474,2021-05-11,0,0.03125,0.25,0.5,0.5,0.03125,0.5,0.03125,0.19999999999999996
475,2021-05-12,0,0.03125,0.25,0.5,0.5,0.03125,0.5,0.03125,0.19999999999999996
476,2021-05-13,0,0.03125,0.25,0.5,0.5,0.03125,0.5,0.03125,0.19999999999999996
477,2021-05-14,0,0.03125,0.25,0.5,0.5,0.03125,0.5,0.03125,0.19999999999999996
478,2021-05-15,0,0.03125,0.25,0.5,0.5,0.03125,0.5,0.03125,0.19999999999999996
479,2021-05-16,0,0.25,0.5,0.75,0.6699999999999999,1.0,0.75,0.25,0.19999999999999996
480,2021-05-17,0,0.25,0.5,0.75,0.6699999999999999,1.0,0.75,0.25,0.19999999999999996
481,2021-05-18,0,0.25,0.5,0.75,0.6699999999999999,1.0,0.75,0.25,0.19999999999999996
482,2021-05-19,0,0.25,0.5,0.75,0.6699999999999999,1.0,0.75,0.25,0.19999999999999996
483,2021-05-20,0,0.25,0.5,0.75,0.6699999999999999,1.0,0.75,0.25,0.19999999999999996
484,2021-05-21,0,0.25,0.5,0.75,0.6699999999999999,1.0,0.75,0.25,0.19999999999999996
485,2021-05-22,0,0.25,0.5,0.75,0.6699999999999999,1.0,0.75,0.25,0.19999999999999996
486,2021-05-23,0,0.25,0.5,0.75,0.6699999999999999,1.0,0.75,0.25,0.19999999999999996
487,2021-05-24,0,0.25,0.5,0.75,0.6699999999999999,1.0,0.75,0.25,0.19999999999999996
488,2021-05-25,0,0.25,0.5,0.75,0.6699999999999999,1.0,0.75,0.25,0.19999999999999996
489,2021-05-26,0,0.25,0.5,0.75,0.6699999999999999,1.0,0.75,0.25,0.19999999999999996
490,2021-05-27,0,0.25,0.5,0.75,0.6699999999999999,1.0,0.75,0.25,0.19999999999999996
491,2021-05-28,0,0.25,0.5,0.75,0.6699999999999999,1.0,0.75,0.25,0.19999999999999996
492,2021-05-29,0,0.25,0.5,0.75,0.6699999999999999,1.0,0.75,0.25,0.19999999999999996
493,2021-05-30,0,0.25,0.5,0.75,0.6699999999999999,1.0,0.75,0.25,0.19999999999999996
494,2021-05-31,0,0.25,0.5,0.75,0.6699999999999999,1.0,0.75,0.25,0.19999999999999996
495,2021-06-01,0,0.25,0.5,0.75,0.6699999999999999,1.0,0.75,0.25,0.19999999999999996
496,2021-06-02,0,0.25,0.5,0.75,0.6699999999999999,1.0,0.75,0.25,0.19999999999999996
497,2021-06-03,0,0.25,0.5,0.75,0.6699999999999999,1.0,0.75,0.25,0.19999999999999996
498,2021-06-04,0,0.25,0.5,0.75,0.6699999999999999,1.0,0.75,0.25,0.19999999999999996
499,2021-06-05,0,0.25,0.5,0.75,0.6699999999999999,1.0,0.75,0.25,0.19999999999999996
500,2021-06-06,0,0.25,0.5,0.75,0.6699999999999999,1.0,0.75,0.25,0.19999999999999996
501,2021-06-07,0,0.25,0.5,0.75,0.6699999999999999,1.0,0.75,0.25,0.19999999999999996
502,2021-06-08,0,0.25,0.5,0.75,0.6699999999999999,1.0,0.75,0.25,0.19999999999999996
503,2021-06-09,0,0.25,0.5,0.75,0.6699999999999999,1.0,0.75,0.25,0.19999999999999996
504,2021-06-10,0,0.25,0.5,0.75,0.6699999999999999,1.0,0.75,0.25,0.19999999999999996
505,2021-06-11,0,0.25,0.5,0.75,0.6699999999999999,1.0,0.75,0.25,0.19999999999999996
506,2021-06-12,0,0.25,0.5,0.75,0.6699999999999999,1.0,0.75,0.25,0.19999999999999996
507,2021-06-13,0,0.25,0.5,0.75,0.5,1.0,0.75,0.25,0.19999999999999996
508,2021-06-14,0,0.03125,0.3125,0.5,0.5,1.0,0.5,0.03125,0.19999999999999996
509,2021-06-15,0,0.03125,0.3125,0.5,0.5,1.0,0.5,0.03125,0.19999999999999996
510,2021-06-16,0,0.03125,0.3125,0.5,0.5,1.0,0.5,0.03125,0.19999999999999996
511,2021-06-17,0,0.03125,0.3125,0.5,0.5,1.0,0.5,0.03125,0.19999999999999996
512,2021-06-18,0,0.03125,0.3125,0.5,0.5,1.0,0.5,0.03125,0.19999999999999996
513,2021-06-19,0,0.03125,0.3125,0.5,0.5,1.0,0.5,0.03125,0.19999999999999996
514,2021-06-20,0,0.03125,0.3125,0.5,0.5,1.0,0.5,0.03125,0.19999999999999996
515,2021-06-21,0,0.03125,0.3125,0.5,0.5,1.0,0.5,0.03125,0.19999999999999996
516,2021-06-22,0,0.03125,0.3125,0.5,0.5,1.0,0.5,0.03125,0.19999999999999996
517,2021-06-23,0,0.03125,0.3125,0.5,0.5,1.0,0.5,0.03125,0.19999999999999996
518,2021-06-24,0,0.03125,0.3125,0.5,0.5,1.0,0.5,0.03125,0.19999999999999996
519,2021-06-25,0,0.03125,0.3125,0.5,0.5,1.0,0.5,0.03125,0.19999999999999996
520,2021-06-26,0,0.03125,0.3125,0.5,0.5,1.0,0.5,0.03125,0.19999999999999996
521,2021-06-27,0,0.03125,0.3125,0.5,0.5,1.0,0.5,0.03125,0.19999999999999996
522,2021-06-28,0,0.03125,0.3125,0.5,0.5,1.0,0.5,0.03125,0.4675
523,2021-06-29,0,0.03125,0.3125,0.5,0.5,1.0,0.5,0.03125,0.4675
524,2021-06-30,0,0.03125,0.3125,0.5,0.5,1.0,0.5,0.03125,0.4675
525,2021-07-01,0,0.03125,0.3125,0.5,0.5,1.0,0.5,0.03125,0.4675
526,2021-07-02,0,0.03125,0.3125,0.5,0.5,1.0,0.5,0.03125,0.4675
527,2021-07-03,0,0.03125,0.3125,0.5,0.5,1.0,0.5,0.03125,0.4675
528,2021-07-04,0,0.03125,0.3125,0.5,0.5,1.0,0.5,0.03125,0.4675
529,2021-07-05,0,0.03125,0.3125,0.5,0.5,1.0,0.5,0.03125,0.4675
530,2021-07-06,0,0.03125,0.3125,0.5,0.5,1.0,0.5,0.03125,0.4675
531,2021-07-07,0,0.03125,0.3125,0.5,0.5,1.0,0.5,0.03125,0.4675
532,2021-07-08,0,0.03125,0.3125,0.5,0.5,1.0,0.5,0.03125,0.4675
533,2021-07-09,0,0.03125,0.3125,0.5,0.5,1.0,0.5,0.03125,0.4675
534,2021-07-10,0,0.03125,0.3125,0.5,0.5,1.0,0.5,0.03125,0.4675
535,2021-07-11,0,0.03125,0.3125,0.5,0.5,1.0,0.5,0.03125,0.4675
536,2021-07-12,0,0.03125,0.3125,0.5,0.5,0.03125,0.5,0.03125,0.4675
537,2021-07-13,0,0.03125,0.3125,0.5,0.5,0.03125,0.5,0.03125,0.4675
538,2021-07-14,0,0.03125,0.3125,0.5,0.5,0.03125,0.5,0.03125,0.4675
539,2021-07-15,0,0.03125,0.3125,0.5,0.5,0.03125,0.5,0.03125,0.4675
540,2021-07-16,0,0.03125,0.3125,0.5,0.5,0.03125,0.5,0.03125,0.4675
541,2021-07-17,0,0.03125,0.3125,0.5,0.5,0.03125,0.5,0.03125,0.4675
542,2021-07-18,0,0.03125,0.3125,0.5,0.5,0.03125,0.5,0.03125,0.4675
543,2021-07-19,0,0.03125,0.3125,0.5,0.5,0.25,0.5,1.0,0.4675
544,2021-07-20,0,0.03125,0.3125,0.5,0.5,0.25,0.5,1.0,0.4675
545,2021-07-21,0,0.03125,0.3125,0.5,0.5,0.25,0.5,1.0,0.4675
546,2021-07-22,0,0.25,0.5,0.75,0.6699999999999999,0.25,0.75,1.0,0.4675
547,2021-07-23,0,0.25,0.5,0.75,0.6699999999999999,0.25,0.75,1.0,0.4675
548,2021-07-24,0,0.25,0.5,0.75,0.6699999999999999,0.25,0.75,1.0,0.4675
549,2021-07-25,0,0.25,0.5,0.75,0.6699999999999999,0.25,0.75,1.0,0.4675
550,2021-07-26,0,0.25,0.5,0.75,0.6699999999999999,0.25,0.75,1.0,0.4675
551,2021-07-27,0,0.25,0.5,0.75,0.6699999999999999,0.25,0.75,1.0,0.4675
552,2021-07-28,0,0.25,0.5,0.75,0.6699999999999999,0.25,0.75,1.0,0.4675
553,2021-07-29,0,0.25,0.5,0.75,0.6699999999999999,0.25,0.75,1.0,0.4675
554,2021-07-30,0,0.25,0.5,0.75,0.6699999999999999,0.25,0.75,1.0,0.4675
555,2021-07-31,0,0.25,0.5,0.75,0.6699999999999999,0.25,0.75,1.0,0.4675
556,2021-08-01,0,0.25,0.5,0.75,0.6699999999999999,0.25,0.75,1.0,0.4675
557,2021-08-02,0,0.25,0.5,0.75,0.6699999999999999,0.25,0.75,1.0,0.4675
558,2021-08-03,0,0.25,0.5,0.75,0.6699999999999999,0.25,0.75,1.0,0.4675
559,2021-08-04,0,0.25,0.5,0.75,0.6699999999999999,0.25,0.75,1.0,0.4675
560,2021-08-05,0,0.25,0.5,0.75,0.6699999999999999,0.25,0.75,1.0,0.4675
561,2021-08-06,0,0.25,0.5,0.75,0.6699999999999999,0.25,0.75,1.0,0.4675
562,2021-08-07,0,0.25,0.5,0.75,0.6699999999999999,0.25,0.75,1.0,0.4675
563,2021-08-08,0,0.25,0.5,0.75,0.6699999999999999,0.25,0.75,1.0,0.4675
564,2021-08-09,0,0.25,0.5,0.75,0.6699999999999999,0.25,0.75,0.03125,0.4675
565,2021-08-10,0,0.25,0.5,0.75,0.6699999999999999,0.03125,0.6699999999999999,0.03125,0.4675
566,2021-08-11,0,0.25,0.5,0.75,0.6699999999999999,0.03125,0.6699999999999999,0.03125,0.4675
567,2021-08-12,0,0.25,0.5,0.75,0.6699999999999999,0.03125,0.6699999999999999,0.03125,0.4675
568,2021-08-13,0,0.25,0.5,0.75,0.6699999999999999,0.03125,0.6699999999999999,0.03125,0.4675
569,2021-08-14,0,0.25,0.5,0.75,0.6699999999999999,0.03125,0.6699999999999999,0.03125,0.4675
570,2021-08-15,0,0.25,0.5,0.75,0.6699999999999999,0.03125,0.6699999999999999,0.03125,0.4675
571,2021-08-16,0,0.25,0.5,0.75,0.6699999999999999,0.03125,0.6699999999999999,0.03125,0.4675
572,2021-08-17,0,0.25,0.5,0.75,0.6699999999999999,0.03125,0.6699999999999999,0.03125,0.4675
573,2021-08-18,0,0.25,0.5,0.75,0.6699999999999999,0.03125,0.6699999999999999,0.03125,0.4675
574,2021-08-19,0,0.03125,0.3125,0.5,0.5,0.03125,0.5,0.03125,0.4675
575,2021-08-20,0,0.03125,0.3125,0.5,0.5,0.03125,0.5,0.03125,0.4675
576,2021-08-21,0,0.03125,0.3125,0.5,0.5,0.03125,0.5,0.03125,0.4675
577,2021-08-22,0,0.03125,0.3125,0.5,0.5,0.03125,0.5,0.03125,0.4675
578,2021-08-23,0,0.03125,0.3125,0.5,0.5,0.03125,0.5,0.03125,0.4675
579,2021-08-24,0,0.03125,0.3125,0.5,0.5,0.03125,0.5,0.03125,0.4675
580,2021-08-25,0,0.03125,0.3125,0.5,0.5,0.03125,0.5,0.03125,0.4675
581,2021-08-26,0,0.03125,0.3125,0.5,0.5,0.03125,0.5,0.03125,0.4675
582,2021-08-27,0,0.03125,0.3125,0.5,0.5,0.03125,0.5,0.03125,0.4675
583,2021-08-28,0,0.03125,0.3125,0.5,0.5,0.03125,0.5,0.03125,0.4675
584,2021-08-29,0,0.03125,0.3125,0.5,0.5,0.03125,0.5,0.03125,0.4675
585,2021-08-30,0,0.03125,0.3125,0.5,0.5,0.03125,0.5,0.03125,0.4675
586,2021-08-31,0,0.03125,0.3125,0.5,0.5,0.03125,0.5,0.03125,0.4675
587,2021-09-01,0,0.03125,0.3125,0.5,0.5,0.03125,0.5,0.03125,0.4675
588,2021-09-02,0,0.03125,0.3125,0.5,0.5,0.03125,0.5,0.03125,0.4675
589,2021-09-03,0,0.03125,0.3125,0.5,0.5,0.03125,0.5,0.03125,0.4675
590,2021-09-04,0,0.03125,0.3125,0.5,0.5,0.03125,0.5,0.03125,0.4675
591,2021-09-05,0,0.03125,0.3125,0.5,0.5,0.03125,0.5,0.03125,0.4675
592,2021-09-06,0,0.03125,0.3125,0.5,0.5,0.03125,0.5,0.03125,0.4675
593,2021-09-07,0,0.03125,0.3125,0.5,0.5,0.03125,0.5,0.03125,0.4675
594,2021-09-08,0,0.03125,0.3125,0.5,0.5,1.0,0.5,0.03125,0.4675
595,2021-09-09,0,0.03125,0.3125,0.5,0.5,1.0,0.5,0.03125,0.4675
596,2021-09-10,0,0.03125,0.3125,0.5,0.5,1.0,0.5,0.03125,0.4675
597,2021-09-11,0,0.03125,0.3125,0.5,0.5,1.0,0.5,0.03125,0.4675
598,2021-09-12,0,0.03125,0.3125,0.5,0.5,1.0,0.5,0.03125,0.4675
599,2021-09-13,0,0.03125,0.3125,0.5,0.5,1.0,0.5,0.03125,0.4675
600,2021-09-14,0,0.03125,0.3125,0.5,0.5,1.0,0.5,0.03125,0.4675
601,2021-09-15,0,0.03125,0.3125,0.5,0.5,1.0,0.5,0.03125,0.4675
602,2021-09-16,0,0.03125,0.3125,0.5,0.5,1.0,0.5,0.03125,0.4675
603,2021-09-17,0,0.03125,0.3125,0.5,0.5,1.0,0.5,0.03125,0.4675
604,2021-09-18,0,0.03125,0.3125,0.5,0.5,1.0,0.5,0.03125,0.4675
605,2021-09-19,0,0.03125,0.3125,0.5,0.5,1.0,0.5,0.03125,0.4675
606,2021-09-20,0,0.03125,0.3125,0.5,0.5,1.0,0.5,0.03125,0.4675
607,2021-09-21,0,0.03125,0.3125,0.5,0.5,1.0,0.5,0.03125,0.4675
608,2021-09-22,0,0.03125,0.3125,0.5,0.5,1.0,0.5,0.03125,0.4675
609,2021-09-23,0,0.03125,0.3125,0.5,0.5,1.0,0.5,0.03125,0.4675
610,2021-09-24,0,0.03125,0.3125,0.5,0.5,1.0,0.5,0.03125,0.4675
611,2021-09-25,0,0.03125,0.3125,0.5,0.5,1.0,0.5,0.03125,0.4675
612,2021-09-26,0,0.03125,0.3125,0.5,0.5,1.0,0.5,0.03125,0.4675
613,2021-09-27,0,0.25,0.3125,0.5,0.6699999999999999,1.0,0.5,0.25,0.5925
614,2021-09-28,0,0.25,0.3125,0.5,0.6699999999999999,1.0,0.5,0.25,0.5925
615,2021-09-29,0,0.25,0.3125,0.5,0.6699999999999999,1.0,0.5,0.25,0.5925
616,2021-09-30,0,0.25,0.3125,0.5,0.6699999999999999,1.0,0.5,0.25,0.5925
617,2021-10-01,0,0.25,0.3125,0.5,0.6699999999999999,1.0,0.5,0.25,0.5925
618,2021-10-02,0,0.25,0.3125,0.5,0.6699999999999999,1.0,0.5,0.25,0.5925
619,2021-10-03,0,0.25,0.3125,0.5,0.6699999999999999,1.0,0.5,0.25,0.5925
620,2021-10-04,0,0.25,0.3125,0.5,0.6699999999999999,1.0,0.5,0.25,0.5925
621,2021-10-05,0,0.25,0.3125,0.5,0.6699999999999999,1.0,0.5,0.25,0.5925
622,2021-10-06,0,0.25,0.3125,0.5,0.6699999999999999,1.0,0.5,0.25,0.5925
623,2021-10-07,0,0.25,0.3125,0.5,0.6699999999999999,1.0,0.5,0.25,0.5925
624,2021-10-08,0,0.25,0.3125,0.5,0.6699999999999999,1.0,0.5,0.25,0.5925
625,2021-10-09,0,0.25,0.3125,0.5,0.6699999999999999,1.0,0.5,0.25,0.5925
626,2021-10-10,0,0.25,0.3125,0.5,0.6699999999999999,1.0,0.5,0.25,0.5925
627,2021-10-11,0,0.25,0.3125,0.5,0.6699999999999999,1.0,0.5,0.25,0.5092
628,2021-10-12,0,0.25,0.3125,0.5,0.6699999999999999,1.0,0.5,0.25,0.5092
629,2021-10-13,0,0.25,0.3125,0.5,0.6699999999999999,1.0,0.5,0.25,0.3425
630,2021-10-14,0,0.25,0.3125,0.5,0.6699999999999999,1.0,0.5,0.25,0.3425
631,2021-10-15,0,0.25,0.3125,0.5,0.6699999999999999,1.0,0.5,0.25,0.3425
632,2021-10-16,0,0.25,0.3125,0.5,0.6699999999999999,1.0,0.5,0.25,0.3425
633,2021-10-17,0,0.25,0.3125,0.5,0.6699999999999999,1.0,0.5,0.25,0.3425
634,2021-10-18,0,0.25,0.3125,0.5,0.6699999999999999,1.0,0.5,0.25,0.3425
635,2021-10-19,0,0.25,0.3125,0.5,0.6699999999999999,1.0,0.5,0.25,0.3425
636,2021-10-20,0,0.25,0.3125,0.5,0.6699999999999999,1.0,0.5,0.25,0.3425
637,2021-10-21,0,0.25,0.3125,0.5,0.6699999999999999,1.0,0.5,0.25,0.3425
638,2021-10-22,0,0.25,0.3125,0.5,0.6699999999999999,1.0,0.5,0.25,0.3425
639,2021-10-23,0,0.25,0.3125,0.5,0.6699999999999999,1.0,0.5,0.25,0.3425
640,2021-10-24,0,0.25,0.3125,0.5,0.6699999999999999,1.0,0.5,0.25,0.3425
641,2021-10-25,0,0.03125,0.3125,0.5,0.5,1.0,0.5,0.03125,0.3425
642,2021-10-26,0,0.03125,0.3125,0.5,0.5,1.0,0.5,0.03125,0.3425
643,2021-10-27,0,0.03125,0.3125,0.5,0.5,1.0,0.5,0.03125,0.3425
644,2021-10-28,0,0.03125,0.3125,0.5,0.5,1.0,0.5,0.03125,0.3425
645,2021-10-29,0,0.03125,0.3125,0.5,0.5,1.0,0.5,0.03125,0.3425
646,2021-10-30,0,0.03125,0.3125,0.5,0.5,1.0,0.5,0.03125,0.3425
647,2021-10-31,0,0.03125,0.3125,0.5,0.5,1.0,0.5,0.03125,0.3425
648,2021-11-01,0,0.03125,0.3125,0.5,0.5,1.0,0.5,0.03125,0.3425
649,2021-11-02,0,0.03125,0.3125,0.5,0.5,1.0,0.5,0.03125,0.3425
650,2021-11-03,0,0.03125,0.3125,0.5,0.5,1.0,0.5,0.03125,0.3425
651,2021-11-04,0,0.03125,0.3125,0.5,0.5,1.0,0.5,0.03125,0.3425
652,2021-11-05,0,0.03125,0.3125,0.5,0.5,1.0,0.5,0.03125,0.3425
653,2021-11-06,0,0.03125,0.3125,0.5,0.5,1.0,0.5,0.03125,0.3425
654,2021-11-07,0,0.03125,0.3125,0.5,0.5,1.0,0.5,0.03125,0.3425
655,2021-11-08,0,0.03125,0.3125,0.5,0.5,1.0,0.5,0.03125,0.3425
656,2021-11-09,0,0.03125,0.3125,0.5,0.5,1.0,0.5,0.03125,0.3425
657,2021-11-10,0,0.03125,0.3125,0.5,0.5,1.0,0.5,0.03125,0.3425
658,2021-11-11,0,0.03125,0.3125,0.5,0.5,1.0,0.5,0.03125,0.3425
659,2021-11-12,0,0.03125,0.3125,0.5,0.5,1.0,0.5,0.03125,0.3425
660,2021-11-13,0,0.03125,0.3125,0.5,0.5,1.0,0.5,0.03125,0.3425
661,2021-11-14,0,0.03125,0.3125,0.5,0.5,1.0,0.5,0.03125,0.3425
662,2021-11-15,0,0.03125,0.3125,0.5,0.5,1.0,0.5,0.03125,0.3425
663,2021-11-16,0,0.03125,0.3125,0.5,0.5,1.0,0.5,0.03125,0.3425
664,2021-11-17,0,0.03125,0.3125,0.5,0.5,1.0,0.5,0.03125,0.3425
665,2021-11-18,0,0.03125,0.3125,0.5,0.5,1.0,0.5,0.03125,0.3425
666,2021-11-19,0,0.03125,0.3125,0.5,0.5,1.0,0.5,0.03125,0.3425
667,2021-11-20,0,0.03125,0.3125,0.5,0.5,1.0,0.5,0.03125,0.3425
668,2021-11-21,0,0.03125,0.3125,0.5,0.5,1.0,0.5,0.03125,0.3425
669,2021-11-22,0,0.03125,0.3125,0.5,0.5,1.0,0.5,0.03125,0.3425
670,2021-11-23,0,0.03125,0.3125,0.5,0.5,1.0,0.5,0.03125,0.3425
671,2021-11-24,0,0.03125,0.3125,0.5,0.5,1.0,0.5,0.03125,0.3425
672,2021-11-25,0,0.03125,0.3125,0.5,0.5,1.0,0.5,0.03125,0.3425
673,2021-11-26,0,0.03125,0.3125,0.5,0.5,1.0,0.5,0.03125,0.3425
674,2021-11-27,0,0.03125,0.3125,0.5,0.5,1.0,0.5,0.03125,0.3425
675,2021-11-28,0,0.03125,0.3125,0.5,0.5,1.0,0.5,0.03125,0.3425
676,2021-11-29,0,0.03125,0.3125,0.5,0.5,1.0,0.5,0.03125,0.3425
677,2021-11-30,0,0.03125,0.3125,0.5,0.5,1.0,0.5,0.03125,0.3425
678,2021-12-01,0,0.03125,0.3125,0.5,0.5,1.0,0.5,0.03125,0.3425
679,2021-12-02,0,0.03125,0.3125,0.5,0.5,1.0,0.5,0.03125,0.3425
680,2021-12-03,0,0.03125,0.3125,0.5,0.5,1.0,0.5,0.03125,0.3425
681,2021-12-04,0,0.03125,0.3125,0.5,0.5,1.0,0.5,0.03125,0.3425
682,2021-12-05,0,0.03125,0.3125,0.5,0.5,1.0,0.5,0.03125,0.3425
683,2021-12-06,0,0.03125,0.3125,0.5,0.5,1.0,0.5,0.03125,0.3425
684,2021-12-07,0,0.03125,0.3125,0.5,0.5,1.0,0.5,0.03125,0.3425
685,2021-12-08,0,0.03125,0.3125,0.5,0.5,1.0,0.5,0.03125,0.3425
686,2021-12-09,0,0.03125,0.3125,0.5,0.5,1.0,0.5,0.03125,0.3425
687,2021-12-10,0,0.03125,0.3125,0.5,0.5,1.0,0.5,0.03125,0.3425
688,2021-12-11,0,0.03125,0.3125,0.5,0.5,1.0,0.5,0.03125,0.3425
689,2021-12-12,0,0.03125,0.3125,0.5,0.5,1.0,0.5,0.03125,0.3425
690,2021-12-13,0,0.03125,0.3125,0.5,0.5,1.0,0.5,0.03125,0.3425
691,2021-12-14,0,0.03125,0.3125,0.5,0.5,1.0,0.5,0.03125,0.3425
692,2021-12-15,0,0.03125,0.3125,0.5,0.5,1.0,0.5,0.03125,0.3425
693,2021-12-16,0,0.03125,0.3125,0.5,0.5,1.0,0.5,0.03125,0.3425
694,2021-12-17,0,0.03125,0.3125,0.5,0.5,1.0,0.5,0.03125,0.3425
695,2021-12-18,0,0.03125,0.3125,0.5,0.5,1.0,0.5,0.03125,0.3425
696,2021-12-19,0,0.03125,0.3125,0.5,0.5,1.0,0.5,0.03125,0.3425
697,2021-12-20,0,0.03125,0.3125,0.5,0.5,1.0,0.5,0.03125,0.3425
698,2021-12-21,0,0.03125,0.3125,0.5,0.5,1.0,0.5,0.03125,0.3425
699,2021-12-22,0,0.03125,0.3125,0.5,0.5,1.0,0.5,0.03125,0.3425
700,2021-12-23,0,0.03125,0.3125,0.5,0.5,1.0,0.5,0.03125,0.3425
701,2021-12-24,0,0.03125,0.3125,0.5,0.5,1.0,0.5,0.03125,0.3425
702,2021-12-25,0,0.03125,0.3125,0.5,0.5,1.0,0.5,0.03125,0.3425
703,2021-12-26,0,0.03125,0.3125,0.5,0.5,1.0,0.5,0.03125,0.3425
704,2021-12-27,0,0.03125,0.3125,0.5,0.5,1.0,0.5,0.03125,0.3425
705,2021-12-28,0,0.03125,0.3125,0.5,0.5,1.0,0.5,0.03125,0.3425
706,2021-12-29,0,0.03125,0.3125,0.5,0.5,1.0,0.5,0.03125,0.3425
707,2021-12-30,0,0.03125,0.3125,0.5,0.5,1.0,0.5,0.03125,0.3425
708,2021-12-31,0,0.03125,0.3125,0.5,0.5,1.0,0.5,0.03125,0.3425
